[
    {
        "id": "1",
        "actor_type": "superadmin",
        "actor_id": "1",
        "action": "login",
        "route": "\/superadmin\/login",
        "method": "POST",
        "resource": null,
        "details": null,
        "ip_address": "::1",
        "user_agent": "Mozilla\/5.0 (Windows NT 10.0; Win64; x64) AppleWebKit\/537.36 (KHTML, like Gecko) Chrome\/142.0.0.0 Safari\/537.36",
        "created_at": "2025-11-18 22:27:50",
        "logged_out_at": null
    },
    {
        "id": "2",
        "actor_type": "admin",
        "actor_id": "1",
        "action": "login",
        "route": "\/admin\/login",
        "method": "POST",
        "resource": null,
        "details": "[{\"action\":\"logout\",\"time\":\"2025-11-18 22:40:29\"}]",
        "ip_address": "::1",
        "user_agent": "Mozilla\/5.0 (Linux; Android 6.0; Nexus 5 Build\/MRA58N) AppleWebKit\/537.36 (KHTML, like Gecko) Chrome\/142.0.0.0 Mobile Safari\/537.36",
        "created_at": "2025-11-18 22:40:08",
        "logged_out_at": "2025-11-18 22:40:29"
    },
    {
        "id": "3",
        "actor_type": "superadmin",
        "actor_id": "1",
        "action": "login",
        "route": "\/superadmin\/login",
        "method": "POST",
        "resource": null,
        "details": "[{\"action\":\"post\",\"route\":\"\\\/Capstone\\\/public\\\/superadmin\\\/check-code\",\"method\":\"POST\",\"resource\":\"check-code\",\"details\":\"{\\\"admin_code\\\":\\\"SUPER001\\\"}\",\"time\":\"2025-11-18 22:40:49\"}]",
        "ip_address": "::1",
        "user_agent": "Mozilla\/5.0 (Linux; Android 6.0; Nexus 5 Build\/MRA58N) AppleWebKit\/537.36 (KHTML, like Gecko) Chrome\/142.0.0.0 Mobile Safari\/537.36",
        "created_at": "2025-11-18 22:40:49",
        "logged_out_at": null
    },
    {
        "id": "4",
        "actor_type": "superadmin",
        "actor_id": "1",
        "action": "login",
        "route": "\/superadmin\/login",
        "method": "POST",
        "resource": null,
        "details": "[{\"action\":\"post\",\"route\":\"\\\/Capstone\\\/public\\\/superadmin\\\/check-code\",\"method\":\"POST\",\"resource\":\"check-code\",\"details\":\"{\\\"admin_code\\\":\\\"SUPER001\\\"}\",\"time\":\"2025-11-18 22:57:04\"},{\"action\":\"edit\",\"route\":\"\\\/Capstone\\\/public\\\/superadmin\\\/updateProfile\",\"method\":\"POST\",\"resource\":\"updateProfile\",\"details\":\"{\\\"first_name\\\":\\\"Mike Lorenz\\\",\\\"middle_name\\\":\\\"Verial\\\",\\\"last_name\\\":\\\"Vidal\\\",\\\"email\\\":\\\"mikevidal689@gmail.com\\\",\\\"password\\\":\\\"***\\\",\\\"confirm_password\\\":\\\"***\\\"}\",\"time\":\"2025-11-18 23:24:31\"},{\"action\":\"edit\",\"route\":\"\\\/Capstone\\\/public\\\/superadmin\\\/updateProfile\",\"method\":\"POST\",\"resource\":\"updateProfile\",\"details\":\"{\\\"first_name\\\":\\\"Mike Lorenz\\\",\\\"middle_name\\\":\\\"Verial\\\",\\\"last_name\\\":\\\"Vidal\\\",\\\"email\\\":\\\"mikevidal689@gmail.com\\\",\\\"password\\\":\\\"***\\\",\\\"confirm_password\\\":\\\"***\\\"}\",\"time\":\"2025-11-18 23:26:36\"}]",
        "ip_address": "::1",
        "user_agent": "Mozilla\/5.0 (Linux; Android 6.0; Nexus 5 Build\/MRA58N) AppleWebKit\/537.36 (KHTML, like Gecko) Chrome\/142.0.0.0 Mobile Safari\/537.36",
        "created_at": "2025-11-18 22:57:04",
        "logged_out_at": "2025-11-18 23:30:45"
    },
    {
        "id": "5",
        "actor_type": "superadmin",
        "actor_id": "1",
        "action": "login",
        "route": "\/superadmin\/login",
        "method": "POST",
        "resource": null,
        "details": "[{\"action\":\"post\",\"route\":\"\\\/Capstone\\\/public\\\/superadmin\\\/check-code\",\"method\":\"POST\",\"resource\":\"check-code\",\"details\":\"{\\\"admin_code\\\":\\\"SUPER001\\\"}\",\"time\":\"2025-11-18 23:38:10\"},{\"action\":\"create\",\"route\":\"\\\/Capstone\\\/public\\\/superadmin\\\/createUser\",\"method\":\"POST\",\"resource\":\"createUser\",\"details\":\"{\\\"first_name\\\":\\\"Mike Lorenz\\\",\\\"middle_name\\\":\\\"Verial\\\",\\\"last_name\\\":\\\"Vidal\\\",\\\"email\\\":\\\"mikevidal689@gmail.com\\\",\\\"username\\\":\\\"Miks\\\",\\\"position\\\":\\\"President\\\",\\\"password\\\":\\\"***\\\",\\\"confirm_password\\\":\\\"***\\\"}\",\"time\":\"2025-11-18 23:39:32\"}]",
        "ip_address": "::1",
        "user_agent": "Mozilla\/5.0 (Linux; Android 6.0; Nexus 5 Build\/MRA58N) AppleWebKit\/537.36 (KHTML, like Gecko) Chrome\/142.0.0.0 Mobile Safari\/537.36",
        "created_at": "2025-11-18 23:38:10",
        "logged_out_at": "2025-11-18 23:39:36"
    },
    {
        "id": "6",
        "actor_type": "admin",
        "actor_id": "3",
        "action": "login",
        "route": "\/admin\/verify-otp",
        "method": "POST",
        "resource": null,
        "details": "[{\"action\":\"logout\",\"time\":\"2025-11-18 23:55:01\"}]",
        "ip_address": "::1",
        "user_agent": "Mozilla\/5.0 (Linux; Android 6.0; Nexus 5 Build\/MRA58N) AppleWebKit\/537.36 (KHTML, like Gecko) Chrome\/142.0.0.0 Mobile Safari\/537.36",
        "created_at": "2025-11-18 23:40:10",
        "logged_out_at": "2025-11-18 23:55:01"
    },
    {
        "id": "7",
        "actor_type": "superadmin",
        "actor_id": "1",
        "action": "login",
        "route": "\/superadmin\/login",
        "method": "POST",
        "resource": null,
        "details": "[{\"action\":\"post\",\"route\":\"\\\/Capstone\\\/public\\\/superadmin\\\/check-code\",\"method\":\"POST\",\"resource\":\"check-code\",\"details\":\"{\\\"admin_code\\\":\\\"SUPER001\\\"}\",\"time\":\"2025-11-18 23:55:23\"},{\"action\":\"create\",\"route\":\"\\\/Capstone\\\/public\\\/superadmin\\\/createSuperAdmin\",\"method\":\"POST\",\"resource\":\"createSuperAdmin\",\"details\":\"{\\\"email\\\":\\\"mikevidal689@gmail.com\\\",\\\"first_name\\\":\\\"Mike Lorenz\\\",\\\"last_name\\\":\\\"Vidal\\\",\\\"password\\\":\\\"***\\\",\\\"confirm_password\\\":\\\"***\\\"}\",\"time\":\"2025-11-19 00:40:26\"},{\"action\":\"create\",\"route\":\"\\\/Capstone\\\/public\\\/superadmin\\\/createSuperAdmin\",\"method\":\"POST\",\"resource\":\"createSuperAdmin\",\"details\":\"{\\\"email\\\":\\\"mikevidal689@gmail.com\\\",\\\"first_name\\\":\\\"Mike Lorenz\\\",\\\"last_name\\\":\\\"Vidal\\\",\\\"password\\\":\\\"***\\\",\\\"confirm_password\\\":\\\"***\\\"}\",\"time\":\"2025-11-19 00:40:26\"}]",
        "ip_address": "::1",
        "user_agent": "Mozilla\/5.0 (Linux; Android 6.0; Nexus 5 Build\/MRA58N) AppleWebKit\/537.36 (KHTML, like Gecko) Chrome\/142.0.0.0 Mobile Safari\/537.36",
        "created_at": "2025-11-18 23:55:23",
        "logged_out_at": "2025-11-19 00:42:26"
    },
    {
        "id": "8",
        "actor_type": "superadmin",
        "actor_id": "2",
        "action": "login",
        "route": "\/superadmin\/login",
        "method": "POST",
        "resource": "check-code",
        "details": "[{\"action\":\"post\",\"route\":\"\\\/Capstone\\\/public\\\/superadmin\\\/check-code\",\"method\":\"POST\",\"resource\":\"check-code\",\"details\":\"{\\\"admin_code\\\":\\\"SUP-A-0002\\\"}\",\"time\":\"2025-11-19 00:43:20\"}]",
        "ip_address": "::1",
        "user_agent": "Mozilla\/5.0 (Linux; Android 6.0; Nexus 5 Build\/MRA58N) AppleWebKit\/537.36 (KHTML, like Gecko) Chrome\/142.0.0.0 Mobile Safari\/537.36",
        "created_at": "2025-11-19 00:43:20",
        "logged_out_at": "2025-11-19 01:33:53"
    },
    {
        "id": "9",
        "actor_type": "superadmin",
        "actor_id": "2",
        "action": "login",
        "route": "\/superadmin\/login",
        "method": "POST",
        "resource": "check-code",
        "details": "[{\"action\":\"post\",\"route\":\"\\\/Capstone\\\/public\\\/superadmin\\\/check-code\",\"method\":\"POST\",\"resource\":\"check-code\",\"details\":\"{\\\"admin_code\\\":\\\"227025\\\"}\",\"time\":\"2025-11-19 01:34:30\"},{\"action\":\"create\",\"route\":\"\\\/Capstone\\\/public\\\/superadmin\\\/createSuperAdmin\",\"method\":\"POST\",\"resource\":\"createSuperAdmin\",\"details\":\"{\\\"email\\\":\\\"mikevidal689@gmail.com\\\",\\\"first_name\\\":\\\"Mike Lorenz\\\",\\\"last_name\\\":\\\"Vidal\\\",\\\"password\\\":\\\"***\\\",\\\"confirm_password\\\":\\\"***\\\"}\",\"time\":\"2025-11-19 01:37:58\"},{\"action\":\"create\",\"route\":\"\\\/Capstone\\\/public\\\/superadmin\\\/createSuperAdmin\",\"method\":\"POST\",\"resource\":\"createSuperAdmin\",\"details\":\"{\\\"email\\\":\\\"mikevidal689@gmail.com\\\",\\\"first_name\\\":\\\"Mike Lorenz\\\",\\\"last_name\\\":\\\"Vidal\\\",\\\"password\\\":\\\"***\\\",\\\"confirm_password\\\":\\\"***\\\"}\",\"time\":\"2025-11-19 01:37:58\"}]",
        "ip_address": "::1",
        "user_agent": "Mozilla\/5.0 (Linux; Android 6.0; Nexus 5 Build\/MRA58N) AppleWebKit\/537.36 (KHTML, like Gecko) Chrome\/142.0.0.0 Mobile Safari\/537.36",
        "created_at": "2025-11-19 01:34:30",
        "logged_out_at": "2025-11-19 02:22:52"
    },
    {
        "id": "10",
        "actor_type": "admin",
        "actor_id": "1",
        "action": "login",
        "route": "\/admin\/login",
        "method": "POST",
        "resource": "login",
        "details": "[{\"action\":\"deactivate\",\"route\":\"\\\/admin\\\/deactivateUser\\\/2\",\"method\":\"POST\",\"resource\":\"2\",\"details\":\"{\\\"id\\\":\\\"2\\\",\\\"user_name\\\":\\\"Maria Santos\\\",\\\"first_name\\\":\\\"Maria\\\",\\\"last_name\\\":\\\"Santos\\\",\\\"email\\\":\\\"user2@example.com\\\",\\\"reason\\\":\\\"\\\",\\\"inactive_ref_id\\\":1}\",\"time\":\"2025-11-19 02:47:38\"},{\"action\":\"activate\",\"route\":\"\\\/admin\\\/reactivateUser\\\/2\",\"method\":\"POST\",\"resource\":\"2\",\"details\":\"{\\\"id\\\":\\\"2\\\",\\\"user_name\\\":\\\"Maria Santos\\\",\\\"first_name\\\":\\\"Maria\\\",\\\"last_name\\\":\\\"Santos\\\",\\\"email\\\":\\\"user2@example.com\\\"}\",\"time\":\"2025-11-19 02:48:05\"},{\"action\":\"activate\",\"route\":\"\\\/admin\\\/reactivateUser\\\/2\",\"method\":\"POST\",\"resource\":\"2\",\"details\":\"{\\\"id\\\":\\\"2\\\",\\\"user_name\\\":\\\"Maria Santos\\\",\\\"first_name\\\":\\\"Maria\\\",\\\"last_name\\\":\\\"Santos\\\",\\\"email\\\":\\\"user2@example.com\\\"}\",\"time\":\"2025-11-19 02:48:05\"}]",
        "ip_address": "::1",
        "user_agent": "Mozilla\/5.0 (Windows NT 10.0; Win64; x64) AppleWebKit\/537.36 (KHTML, like Gecko) Chrome\/142.0.0.0 Safari\/537.36",
        "created_at": "2025-11-19 01:51:09",
        "logged_out_at": null
    },
    {
        "id": "11",
        "actor_type": "admin",
        "actor_id": "1",
        "action": "login",
        "route": "\/admin\/login",
        "method": "POST",
        "resource": "login",
        "details": "[{\"action\":\"logout\",\"time\":\"2025-11-19 14:41:19\"}]",
        "ip_address": "::1",
        "user_agent": "Mozilla\/5.0 (Windows NT 10.0; Win64; x64) AppleWebKit\/537.36 (KHTML, like Gecko) Chrome\/142.0.0.0 Safari\/537.36",
        "created_at": "2025-11-19 14:10:11",
        "logged_out_at": "2025-11-19 14:41:19"
    },
    {
        "id": "12",
        "actor_type": "admin",
        "actor_id": "1",
        "action": "login",
        "route": "\/admin\/login",
        "method": "POST",
        "resource": "login",
        "details": null,
        "ip_address": "::1",
        "user_agent": "Mozilla\/5.0 (Windows NT 10.0; Win64; x64) AppleWebKit\/537.36 (KHTML, like Gecko) Chrome\/142.0.0.0 Safari\/537.36",
        "created_at": "2025-11-19 14:41:32",
        "logged_out_at": null
    },
    {
        "id": "13",
        "actor_type": "admin",
        "actor_id": "1",
        "action": "login",
        "route": "\/admin\/login",
        "method": "POST",
        "resource": "login",
        "details": "[{\"action\":\"deactivate\",\"route\":\"\\\/admin\\\/deactivateUser\\\/2\",\"method\":\"POST\",\"resource\":\"2\",\"details\":\"{\\\"id\\\":\\\"2\\\",\\\"user_name\\\":\\\"Maria Santos\\\",\\\"first_name\\\":\\\"Maria\\\",\\\"last_name\\\":\\\"Santos\\\",\\\"email\\\":\\\"user2@example.com\\\",\\\"reason\\\":\\\"\\\",\\\"inactive_ref_id\\\":2}\",\"time\":\"2025-11-19 18:39:11\"}]",
        "ip_address": "::1",
        "user_agent": "Mozilla\/5.0 (Windows NT 10.0; Win64; x64) AppleWebKit\/537.36 (KHTML, like Gecko) Chrome\/142.0.0.0 Safari\/537.36",
        "created_at": "2025-11-19 16:26:19",
        "logged_out_at": null
    },
    {
        "id": "14",
        "actor_type": "admin",
        "actor_id": "1",
        "action": "login",
        "route": "\/admin\/login",
        "method": "POST",
        "resource": "login",
        "details": "[{\"action\":\"logout\",\"time\":\"2025-11-19 23:32:15\"}]",
        "ip_address": "::1",
        "user_agent": "Mozilla\/5.0 (Windows NT 10.0; Win64; x64) AppleWebKit\/537.36 (KHTML, like Gecko) Chrome\/142.0.0.0 Safari\/537.36",
        "created_at": "2025-11-19 22:18:26",
        "logged_out_at": "2025-11-19 23:32:15"
    },
    {
        "id": "15",
        "actor_type": "superadmin",
        "actor_id": "4",
        "action": "login",
        "route": "\/superadmin\/login",
        "method": "POST",
        "resource": "check-code",
        "details": "[{\"action\":\"post\",\"route\":\"\\\/Capstone\\\/public\\\/superadmin\\\/check-code\",\"method\":\"POST\",\"resource\":\"check-code\",\"details\":\"{\\\"admin_code\\\":\\\"199959\\\"}\",\"time\":\"2025-11-19 23:37:23\"}]",
        "ip_address": "::1",
        "user_agent": "Mozilla\/5.0 (Windows NT 10.0; Win64; x64) AppleWebKit\/537.36 (KHTML, like Gecko) Chrome\/142.0.0.0 Safari\/537.36",
        "created_at": "2025-11-19 23:37:23",
        "logged_out_at": "2025-11-19 23:38:52"
    },
    {
        "id": "16",
        "actor_type": "superadmin",
        "actor_id": "4",
        "action": "login",
        "route": "\/superadmin\/login",
        "method": "POST",
        "resource": "check-code",
        "details": "[{\"action\":\"post\",\"route\":\"\\\/Capstone\\\/public\\\/superadmin\\\/check-code\",\"method\":\"POST\",\"resource\":\"check-code\",\"details\":\"{\\\"admin_code\\\":\\\"241357\\\"}\",\"time\":\"2025-11-19 23:39:18\"},{\"action\":\"post\",\"route\":\"\\\/Capstone\\\/public\\\/superadmin\\\/retireUser\",\"method\":\"POST\",\"resource\":\"retireUser\",\"details\":\"{\\\"id\\\":\\\"3\\\",\\\"first_name\\\":\\\"OTC\\\",\\\"last_name\\\":\\\"Paid\\\",\\\"user_id\\\":\\\"3\\\",\\\"user_name\\\":\\\"OTC Paid\\\"}\",\"time\":\"2025-11-19 23:40:12\"},{\"action\":\"create\",\"route\":\"\\\/Capstone\\\/public\\\/superadmin\\\/createUser\",\"method\":\"POST\",\"resource\":\"createUser\",\"details\":\"{\\\"first_name\\\":\\\"Mike Lorenz\\\",\\\"middle_name\\\":\\\"Verial\\\",\\\"last_name\\\":\\\"Vidal\\\",\\\"email\\\":\\\"mikevidal689@gmail.com\\\",\\\"username\\\":\\\"Mike\\\",\\\"position\\\":\\\"President\\\",\\\"password\\\":\\\"***\\\",\\\"confirm_password\\\":\\\"***\\\"}\",\"time\":\"2025-11-19 23:40:49\"},{\"action\":\"post\",\"route\":\"\\\/Capstone\\\/public\\\/superadmin\\\/retireUser\",\"method\":\"POST\",\"resource\":\"retireUser\",\"details\":\"{\\\"id\\\":\\\"4\\\",\\\"first_name\\\":\\\"OTC\\\",\\\"last_name\\\":\\\"User\\\",\\\"user_id\\\":\\\"4\\\",\\\"user_name\\\":\\\"OTC User\\\"}\",\"time\":\"2025-11-19 23:43:52\"},{\"action\":\"post\",\"route\":\"\\\/Capstone\\\/public\\\/superadmin\\\/retireUser\",\"method\":\"POST\",\"resource\":\"retireUser\",\"details\":\"{\\\"id\\\":\\\"4\\\",\\\"first_name\\\":\\\"OTC\\\",\\\"last_name\\\":\\\"User\\\",\\\"user_id\\\":\\\"4\\\",\\\"user_name\\\":\\\"OTC User\\\"}\",\"time\":\"2025-11-19 23:43:52\"},{\"action\":\"create\",\"route\":\"\\\/Capstone\\\/public\\\/superadmin\\\/createUser\",\"method\":\"POST\",\"resource\":\"createUser\",\"details\":\"{\\\"first_name\\\":\\\"Mike Lorenz\\\",\\\"middle_name\\\":\\\"Verial\\\",\\\"last_name\\\":\\\"Vi\\\",\\\"email\\\":\\\"mikevidal689@gmail.com\\\",\\\"username\\\":\\\"Mike\\\",\\\"position\\\":\\\"Treasurer\\\",\\\"password\\\":\\\"***\\\",\\\"confirm_password\\\":\\\"***\\\"}\",\"time\":\"2025-11-19 23:48:40\"},{\"action\":\"create\",\"route\":\"\\\/Capstone\\\/public\\\/superadmin\\\/createUser\",\"method\":\"POST\",\"resource\":\"createUser\",\"details\":\"{\\\"first_name\\\":\\\"Mike Lorenz\\\",\\\"middle_name\\\":\\\"Verial\\\",\\\"last_name\\\":\\\"Vi\\\",\\\"email\\\":\\\"mikevidal689@gmail.com\\\",\\\"username\\\":\\\"Mike\\\",\\\"position\\\":\\\"Treasurer\\\",\\\"password\\\":\\\"***\\\",\\\"confirm_password\\\":\\\"***\\\"}\",\"time\":\"2025-11-19 23:48:41\"},{\"action\":\"create\",\"route\":\"\\\/Capstone\\\/public\\\/superadmin\\\/createUser\",\"method\":\"POST\",\"resource\":\"createUser\",\"details\":\"{\\\"first_name\\\":\\\"Mike Lorenz\\\",\\\"middle_name\\\":\\\"Verial\\\",\\\"last_name\\\":\\\"Vi\\\",\\\"email\\\":\\\"mikevidal689@gmail.com\\\",\\\"username\\\":\\\"Mike\\\",\\\"position\\\":\\\"Treasurer\\\",\\\"password\\\":\\\"***\\\",\\\"confirm_password\\\":\\\"***\\\"}\",\"time\":\"2025-11-19 23:48:41\"},{\"action\":\"create\",\"route\":\"\\\/Capstone\\\/public\\\/superadmin\\\/createUser\",\"method\":\"POST\",\"resource\":\"createUser\",\"details\":\"{\\\"first_name\\\":\\\"Mike Lorenz\\\",\\\"middle_name\\\":\\\"Verial\\\",\\\"last_name\\\":\\\"Vi\\\",\\\"email\\\":\\\"mikevidal689@gmail.com\\\",\\\"username\\\":\\\"Mike\\\",\\\"position\\\":\\\"Treasurer\\\",\\\"password\\\":\\\"***\\\",\\\"confirm_password\\\":\\\"***\\\"}\",\"time\":\"2025-11-19 23:48:41\"}]",
        "ip_address": "::1",
        "user_agent": "Mozilla\/5.0 (Windows NT 10.0; Win64; x64) AppleWebKit\/537.36 (KHTML, like Gecko) Chrome\/142.0.0.0 Safari\/537.36",
        "created_at": "2025-11-19 23:39:18",
        "logged_out_at": "2025-11-20 00:00:11"
    },
    {
        "id": "17",
        "actor_type": "admin",
        "actor_id": "5",
        "action": "login",
        "route": "\/admin\/verify-otp",
        "method": "POST",
        "resource": "verify-otp",
        "details": "[{\"action\":\"logout\",\"time\":\"2025-11-19 23:55:03\"}]",
        "ip_address": "::1",
        "user_agent": "Mozilla\/5.0 (Windows NT 10.0; Win64; x64) AppleWebKit\/537.36 (KHTML, like Gecko) Chrome\/142.0.0.0 Safari\/537.36",
        "created_at": "2025-11-19 23:50:13",
        "logged_out_at": "2025-11-19 23:55:03"
    },
    {
        "id": "18",
        "actor_type": "admin",
        "actor_id": "5",
        "action": "login",
        "route": "\/admin\/login",
        "method": "POST",
        "resource": "login",
        "details": "[{\"action\":\"activate\",\"route\":\"\\\/admin\\\/reactivateUser\\\/2\",\"method\":\"POST\",\"resource\":\"2\",\"details\":\"{\\\"id\\\":\\\"2\\\",\\\"user_name\\\":\\\"Maria Santos\\\",\\\"first_name\\\":\\\"Maria\\\",\\\"last_name\\\":\\\"Santos\\\",\\\"email\\\":\\\"user2@example.com\\\"}\",\"time\":\"2025-11-20 01:50:46\"},{\"action\":\"get\",\"route\":\"\\\/Capstone\\\/public\\\/admin\\\/exportReports\",\"method\":\"GET\",\"resource\":\"exportReports\",\"details\":\"{\\\"format\\\":\\\"pdf\\\",\\\"filename\\\":\\\"reports_2025-11-19\\\",\\\"start\\\":\\\"2024-12-31\\\",\\\"end\\\":\\\"2025-11-19\\\"}\",\"time\":\"2025-11-20 01:51:04\"},{\"action\":\"get\",\"route\":\"\\\/Capstone\\\/public\\\/admin\\\/exportReports\",\"method\":\"GET\",\"resource\":\"exportReports\",\"details\":\"{\\\"format\\\":\\\"print\\\",\\\"filename\\\":\\\"reports_2025-11-19\\\",\\\"start\\\":\\\"2024-12-31\\\",\\\"end\\\":\\\"2025-11-19\\\"}\",\"time\":\"2025-11-20 01:52:42\"},{\"action\":\"logout\",\"time\":\"2025-11-20 02:13:18\"}]",
        "ip_address": "::1",
        "user_agent": "Mozilla\/5.0 (Windows NT 10.0; Win64; x64) AppleWebKit\/537.36 (KHTML, like Gecko) Chrome\/142.0.0.0 Safari\/537.36",
        "created_at": "2025-11-19 23:58:42",
        "logged_out_at": "2025-11-20 02:13:18"
    },
    {
        "id": "19",
        "actor_type": "superadmin",
        "actor_id": "4",
        "action": "login",
        "route": "\/superadmin\/login",
        "method": "POST",
        "resource": "check-code",
        "details": "[{\"action\":\"post\",\"route\":\"\\\/Capstone\\\/public\\\/superadmin\\\/check-code\",\"method\":\"POST\",\"resource\":\"check-code\",\"details\":\"{\\\"admin_code\\\":\\\"194586\\\"}\",\"time\":\"2025-11-20 02:15:10\"},{\"action\":\"post\",\"route\":\"\\\/Capstone\\\/public\\\/superadmin\\\/retireUser\",\"method\":\"POST\",\"resource\":\"retireUser\",\"details\":\"{\\\"id\\\":\\\"5\\\",\\\"admin_code\\\":\\\"Super-A-0001\\\",\\\"first_name\\\":\\\"First11\\\",\\\"last_name\\\":\\\"Last11\\\",\\\"user_id\\\":\\\"5\\\",\\\"user_name\\\":\\\"First11 Last11\\\"}\",\"time\":\"2025-11-20 02:32:59\"},{\"action\":\"post\",\"route\":\"\\\/Capstone\\\/public\\\/superadmin\\\/retireUser\",\"method\":\"POST\",\"resource\":\"retireUser\",\"details\":\"{\\\"id\\\":\\\"5\\\",\\\"admin_code\\\":\\\"194586\\\",\\\"first_name\\\":\\\"First11\\\",\\\"last_name\\\":\\\"Last11\\\",\\\"user_id\\\":\\\"5\\\",\\\"user_name\\\":\\\"First11 Last11\\\"}\",\"time\":\"2025-11-20 02:33:27\"},{\"action\":\"post\",\"route\":\"\\\/Capstone\\\/public\\\/superadmin\\\/retireUser\",\"method\":\"POST\",\"resource\":\"retireUser\",\"details\":\"{\\\"id\\\":\\\"5\\\",\\\"admin_code\\\":\\\"SUP-A-0001\\\",\\\"first_name\\\":\\\"First11\\\",\\\"last_name\\\":\\\"Last11\\\",\\\"user_id\\\":\\\"5\\\",\\\"user_name\\\":\\\"First11 Last11\\\"}\",\"time\":\"2025-11-20 02:34:10\"},{\"action\":\"create\",\"route\":\"\\\/Capstone\\\/public\\\/superadmin\\\/createUser\",\"method\":\"POST\",\"resource\":\"createUser\",\"details\":\"{\\\"first_name\\\":\\\"Mike Lorenz\\\",\\\"middle_name\\\":\\\"Verial\\\",\\\"last_name\\\":\\\"Vidal\\\",\\\"email\\\":\\\"mikevidal689@gmail.com\\\",\\\"username\\\":\\\"Admin\\\",\\\"position\\\":\\\"President\\\"}\",\"time\":\"2025-11-20 03:02:21\"},{\"action\":\"create\",\"route\":\"\\\/Capstone\\\/public\\\/superadmin\\\/createUser\",\"method\":\"POST\",\"resource\":\"createUser\",\"details\":\"{\\\"first_name\\\":\\\"Mike Lorenz\\\",\\\"middle_name\\\":\\\"Verial\\\",\\\"last_name\\\":\\\"Vidal\\\",\\\"email\\\":\\\"mikevidal689@gmail.com\\\",\\\"username\\\":\\\"Admin\\\",\\\"position\\\":\\\"President\\\"}\",\"time\":\"2025-11-20 03:02:22\"},{\"action\":\"create\",\"route\":\"\\\/Capstone\\\/public\\\/superadmin\\\/createUser\",\"method\":\"POST\",\"resource\":\"createUser\",\"details\":\"{\\\"first_name\\\":\\\"Mike Lorenz\\\",\\\"middle_name\\\":\\\"Verial\\\",\\\"last_name\\\":\\\"Vidal\\\",\\\"email\\\":\\\"mikevidal689@gmail.com\\\",\\\"username\\\":\\\"admin1\\\",\\\"position\\\":\\\"President\\\"}\",\"time\":\"2025-11-20 03:02:31\"},{\"action\":\"create\",\"route\":\"\\\/Capstone\\\/public\\\/superadmin\\\/createUser\",\"method\":\"POST\",\"resource\":\"createUser\",\"details\":\"{\\\"first_name\\\":\\\"Mike Lorenz\\\",\\\"middle_name\\\":\\\"Verial\\\",\\\"last_name\\\":\\\"Vidal\\\",\\\"email\\\":\\\"mikevidal689@gmail.com\\\",\\\"username\\\":\\\"admin1\\\",\\\"position\\\":\\\"President\\\"}\",\"time\":\"2025-11-20 03:02:31\"},{\"action\":\"post\",\"route\":\"\\\/Capstone\\\/public\\\/superadmin\\\/retireUser\",\"method\":\"POST\",\"resource\":\"retireUser\",\"details\":\"{\\\"id\\\":\\\"6\\\",\\\"admin_code\\\":\\\"SUP-A-0001\\\",\\\"first_name\\\":\\\"First12\\\",\\\"last_name\\\":\\\"Last12\\\",\\\"user_id\\\":\\\"6\\\",\\\"user_name\\\":\\\"First12 Last12\\\"}\",\"time\":\"2025-11-20 03:08:36\"},{\"action\":\"create\",\"route\":\"\\\/Capstone\\\/public\\\/superadmin\\\/createUser\",\"method\":\"POST\",\"resource\":\"createUser\",\"details\":\"{\\\"first_name\\\":\\\"Mike Lorenz\\\",\\\"middle_name\\\":\\\"Verial\\\",\\\"last_name\\\":\\\"Vidal\\\",\\\"email\\\":\\\"mikevidal689@gmail.com\\\",\\\"username\\\":\\\"OK\\\",\\\"position\\\":\\\"President\\\"}\",\"time\":\"2025-11-20 03:15:30\"}]",
        "ip_address": "::1",
        "user_agent": "Mozilla\/5.0 (Windows NT 10.0; Win64; x64) AppleWebKit\/537.36 (KHTML, like Gecko) Chrome\/142.0.0.0 Safari\/537.36",
        "created_at": "2025-11-20 02:15:10",
        "logged_out_at": null
    },
    {
        "id": "20",
        "actor_type": "admin",
        "actor_id": "7",
        "action": "login",
        "route": "\/admin\/verify-otp",
        "method": "POST",
        "resource": "verify-otp",
        "details": null,
        "ip_address": "::1",
        "user_agent": "Mozilla\/5.0 (Windows NT 10.0; Win64; x64) AppleWebKit\/537.36 (KHTML, like Gecko) Chrome\/142.0.0.0 Safari\/537.36",
        "created_at": "2025-11-20 03:21:01",
        "logged_out_at": null
    }
]