id,actor_type,actor_id,action,route,method,resource,details,ip_address,user_agent,created_at,logged_out_at
1,superadmin,1,login,/superadmin/login,POST,,,::1,"Mozilla/5.0 (Windows NT 10.0; Win64; x64) AppleWebKit/537.36 (KHTML, like Gecko) Chrome/142.0.0.0 Safari/537.36","2025-11-18 22:27:50",
2,admin,1,login,/admin/login,POST,,"[{""action"":""logout"",""time"":""2025-11-18 22:40:29""}]",::1,"Mozilla/5.0 (Linux; Android 6.0; Nexus 5 Build/MRA58N) AppleWebKit/537.36 (KHTML, like Gecko) Chrome/142.0.0.0 Mobile Safari/537.36","2025-11-18 22:40:08","2025-11-18 22:40:29"
3,superadmin,1,login,/superadmin/login,POST,,"[{""action"":""post"",""route"":""\/Capstone\/public\/superadmin\/check-code"",""method"":""POST"",""resource"":""check-code"",""details"":""{\"admin_code\":\"SUPER001\"}"",""time"":""2025-11-18 22:40:49""}]",::1,"Mozilla/5.0 (Linux; Android 6.0; Nexus 5 Build/MRA58N) AppleWebKit/537.36 (KHTML, like Gecko) Chrome/142.0.0.0 Mobile Safari/537.36","2025-11-18 22:40:49",
4,superadmin,1,login,/superadmin/login,POST,,"[{""action"":""post"",""route"":""\/Capstone\/public\/superadmin\/check-code"",""method"":""POST"",""resource"":""check-code"",""details"":""{\"admin_code\":\"SUPER001\"}"",""time"":""2025-11-18 22:57:04""},{""action"":""edit"",""route"":""\/Capstone\/public\/superadmin\/updateProfile"",""method"":""POST"",""resource"":""updateProfile"",""details"":""{\"first_name\":\"Mike Lorenz\",\"middle_name\":\"Verial\",\"last_name\":\"Vidal\",\"email\":\"mikevidal689@gmail.com\",\"password\":\"***\",\"confirm_password\":\"***\"}"",""time"":""2025-11-18 23:24:31""},{""action"":""edit"",""route"":""\/Capstone\/public\/superadmin\/updateProfile"",""method"":""POST"",""resource"":""updateProfile"",""details"":""{\"first_name\":\"Mike Lorenz\",\"middle_name\":\"Verial\",\"last_name\":\"Vidal\",\"email\":\"mikevidal689@gmail.com\",\"password\":\"***\",\"confirm_password\":\"***\"}"",""time"":""2025-11-18 23:26:36""}]",::1,"Mozilla/5.0 (Linux; Android 6.0; Nexus 5 Build/MRA58N) AppleWebKit/537.36 (KHTML, like Gecko) Chrome/142.0.0.0 Mobile Safari/537.36","2025-11-18 22:57:04","2025-11-18 23:30:45"
5,superadmin,1,login,/superadmin/login,POST,,"[{""action"":""post"",""route"":""\/Capstone\/public\/superadmin\/check-code"",""method"":""POST"",""resource"":""check-code"",""details"":""{\"admin_code\":\"SUPER001\"}"",""time"":""2025-11-18 23:38:10""},{""action"":""create"",""route"":""\/Capstone\/public\/superadmin\/createUser"",""method"":""POST"",""resource"":""createUser"",""details"":""{\"first_name\":\"Mike Lorenz\",\"middle_name\":\"Verial\",\"last_name\":\"Vidal\",\"email\":\"mikevidal689@gmail.com\",\"username\":\"Miks\",\"position\":\"President\",\"password\":\"***\",\"confirm_password\":\"***\"}"",""time"":""2025-11-18 23:39:32""}]",::1,"Mozilla/5.0 (Linux; Android 6.0; Nexus 5 Build/MRA58N) AppleWebKit/537.36 (KHTML, like Gecko) Chrome/142.0.0.0 Mobile Safari/537.36","2025-11-18 23:38:10","2025-11-18 23:39:36"
6,admin,3,login,/admin/verify-otp,POST,,"[{""action"":""logout"",""time"":""2025-11-18 23:55:01""}]",::1,"Mozilla/5.0 (Linux; Android 6.0; Nexus 5 Build/MRA58N) AppleWebKit/537.36 (KHTML, like Gecko) Chrome/142.0.0.0 Mobile Safari/537.36","2025-11-18 23:40:10","2025-11-18 23:55:01"
7,superadmin,1,login,/superadmin/login,POST,,"[{""action"":""post"",""route"":""\/Capstone\/public\/superadmin\/check-code"",""method"":""POST"",""resource"":""check-code"",""details"":""{\"admin_code\":\"SUPER001\"}"",""time"":""2025-11-18 23:55:23""},{""action"":""create"",""route"":""\/Capstone\/public\/superadmin\/createSuperAdmin"",""method"":""POST"",""resource"":""createSuperAdmin"",""details"":""{\"email\":\"mikevidal689@gmail.com\",\"first_name\":\"Mike Lorenz\",\"last_name\":\"Vidal\",\"password\":\"***\",\"confirm_password\":\"***\"}"",""time"":""2025-11-19 00:40:26""},{""action"":""create"",""route"":""\/Capstone\/public\/superadmin\/createSuperAdmin"",""method"":""POST"",""resource"":""createSuperAdmin"",""details"":""{\"email\":\"mikevidal689@gmail.com\",\"first_name\":\"Mike Lorenz\",\"last_name\":\"Vidal\",\"password\":\"***\",\"confirm_password\":\"***\"}"",""time"":""2025-11-19 00:40:26""}]",::1,"Mozilla/5.0 (Linux; Android 6.0; Nexus 5 Build/MRA58N) AppleWebKit/537.36 (KHTML, like Gecko) Chrome/142.0.0.0 Mobile Safari/537.36","2025-11-18 23:55:23","2025-11-19 00:42:26"
8,superadmin,2,login,/superadmin/login,POST,check-code,"[{""action"":""post"",""route"":""\/Capstone\/public\/superadmin\/check-code"",""method"":""POST"",""resource"":""check-code"",""details"":""{\"admin_code\":\"SUP-A-0002\"}"",""time"":""2025-11-19 00:43:20""}]",::1,"Mozilla/5.0 (Linux; Android 6.0; Nexus 5 Build/MRA58N) AppleWebKit/537.36 (KHTML, like Gecko) Chrome/142.0.0.0 Mobile Safari/537.36","2025-11-19 00:43:20","2025-11-19 01:33:53"
9,superadmin,2,login,/superadmin/login,POST,check-code,"[{""action"":""post"",""route"":""\/Capstone\/public\/superadmin\/check-code"",""method"":""POST"",""resource"":""check-code"",""details"":""{\"admin_code\":\"227025\"}"",""time"":""2025-11-19 01:34:30""},{""action"":""create"",""route"":""\/Capstone\/public\/superadmin\/createSuperAdmin"",""method"":""POST"",""resource"":""createSuperAdmin"",""details"":""{\"email\":\"mikevidal689@gmail.com\",\"first_name\":\"Mike Lorenz\",\"last_name\":\"Vidal\",\"password\":\"***\",\"confirm_password\":\"***\"}"",""time"":""2025-11-19 01:37:58""},{""action"":""create"",""route"":""\/Capstone\/public\/superadmin\/createSuperAdmin"",""method"":""POST"",""resource"":""createSuperAdmin"",""details"":""{\"email\":\"mikevidal689@gmail.com\",\"first_name\":\"Mike Lorenz\",\"last_name\":\"Vidal\",\"password\":\"***\",\"confirm_password\":\"***\"}"",""time"":""2025-11-19 01:37:58""}]",::1,"Mozilla/5.0 (Linux; Android 6.0; Nexus 5 Build/MRA58N) AppleWebKit/537.36 (KHTML, like Gecko) Chrome/142.0.0.0 Mobile Safari/537.36","2025-11-19 01:34:30","2025-11-19 02:22:52"
10,admin,1,login,/admin/login,POST,login,"[{""action"":""deactivate"",""route"":""\/admin\/deactivateUser\/2"",""method"":""POST"",""resource"":""2"",""details"":""{\"id\":\"2\",\"user_name\":\"Maria Santos\",\"first_name\":\"Maria\",\"last_name\":\"Santos\",\"email\":\"user2@example.com\",\"reason\":\"\",\"inactive_ref_id\":1}"",""time"":""2025-11-19 02:47:38""},{""action"":""activate"",""route"":""\/admin\/reactivateUser\/2"",""method"":""POST"",""resource"":""2"",""details"":""{\"id\":\"2\",\"user_name\":\"Maria Santos\",\"first_name\":\"Maria\",\"last_name\":\"Santos\",\"email\":\"user2@example.com\"}"",""time"":""2025-11-19 02:48:05""},{""action"":""activate"",""route"":""\/admin\/reactivateUser\/2"",""method"":""POST"",""resource"":""2"",""details"":""{\"id\":\"2\",\"user_name\":\"Maria Santos\",\"first_name\":\"Maria\",\"last_name\":\"Santos\",\"email\":\"user2@example.com\"}"",""time"":""2025-11-19 02:48:05""}]",::1,"Mozilla/5.0 (Windows NT 10.0; Win64; x64) AppleWebKit/537.36 (KHTML, like Gecko) Chrome/142.0.0.0 Safari/537.36","2025-11-19 01:51:09",
11,admin,1,login,/admin/login,POST,login,"[{""action"":""logout"",""time"":""2025-11-19 14:41:19""}]",::1,"Mozilla/5.0 (Windows NT 10.0; Win64; x64) AppleWebKit/537.36 (KHTML, like Gecko) Chrome/142.0.0.0 Safari/537.36","2025-11-19 14:10:11","2025-11-19 14:41:19"
12,admin,1,login,/admin/login,POST,login,,::1,"Mozilla/5.0 (Windows NT 10.0; Win64; x64) AppleWebKit/537.36 (KHTML, like Gecko) Chrome/142.0.0.0 Safari/537.36","2025-11-19 14:41:32",
13,admin,1,login,/admin/login,POST,login,"[{""action"":""deactivate"",""route"":""\/admin\/deactivateUser\/2"",""method"":""POST"",""resource"":""2"",""details"":""{\"id\":\"2\",\"user_name\":\"Maria Santos\",\"first_name\":\"Maria\",\"last_name\":\"Santos\",\"email\":\"user2@example.com\",\"reason\":\"\",\"inactive_ref_id\":2}"",""time"":""2025-11-19 18:39:11""}]",::1,"Mozilla/5.0 (Windows NT 10.0; Win64; x64) AppleWebKit/537.36 (KHTML, like Gecko) Chrome/142.0.0.0 Safari/537.36","2025-11-19 16:26:19",
14,admin,1,login,/admin/login,POST,login,"[{""action"":""logout"",""time"":""2025-11-19 23:32:15""}]",::1,"Mozilla/5.0 (Windows NT 10.0; Win64; x64) AppleWebKit/537.36 (KHTML, like Gecko) Chrome/142.0.0.0 Safari/537.36","2025-11-19 22:18:26","2025-11-19 23:32:15"
15,superadmin,4,login,/superadmin/login,POST,check-code,"[{""action"":""post"",""route"":""\/Capstone\/public\/superadmin\/check-code"",""method"":""POST"",""resource"":""check-code"",""details"":""{\"admin_code\":\"199959\"}"",""time"":""2025-11-19 23:37:23""}]",::1,"Mozilla/5.0 (Windows NT 10.0; Win64; x64) AppleWebKit/537.36 (KHTML, like Gecko) Chrome/142.0.0.0 Safari/537.36","2025-11-19 23:37:23","2025-11-19 23:38:52"
16,superadmin,4,login,/superadmin/login,POST,check-code,"[{""action"":""post"",""route"":""\/Capstone\/public\/superadmin\/check-code"",""method"":""POST"",""resource"":""check-code"",""details"":""{\"admin_code\":\"241357\"}"",""time"":""2025-11-19 23:39:18""},{""action"":""post"",""route"":""\/Capstone\/public\/superadmin\/retireUser"",""method"":""POST"",""resource"":""retireUser"",""details"":""{\"id\":\"3\",\"first_name\":\"OTC\",\"last_name\":\"Paid\",\"user_id\":\"3\",\"user_name\":\"OTC Paid\"}"",""time"":""2025-11-19 23:40:12""},{""action"":""create"",""route"":""\/Capstone\/public\/superadmin\/createUser"",""method"":""POST"",""resource"":""createUser"",""details"":""{\"first_name\":\"Mike Lorenz\",\"middle_name\":\"Verial\",\"last_name\":\"Vidal\",\"email\":\"mikevidal689@gmail.com\",\"username\":\"Mike\",\"position\":\"President\",\"password\":\"***\",\"confirm_password\":\"***\"}"",""time"":""2025-11-19 23:40:49""},{""action"":""post"",""route"":""\/Capstone\/public\/superadmin\/retireUser"",""method"":""POST"",""resource"":""retireUser"",""details"":""{\"id\":\"4\",\"first_name\":\"OTC\",\"last_name\":\"User\",\"user_id\":\"4\",\"user_name\":\"OTC User\"}"",""time"":""2025-11-19 23:43:52""},{""action"":""post"",""route"":""\/Capstone\/public\/superadmin\/retireUser"",""method"":""POST"",""resource"":""retireUser"",""details"":""{\"id\":\"4\",\"first_name\":\"OTC\",\"last_name\":\"User\",\"user_id\":\"4\",\"user_name\":\"OTC User\"}"",""time"":""2025-11-19 23:43:52""},{""action"":""create"",""route"":""\/Capstone\/public\/superadmin\/createUser"",""method"":""POST"",""resource"":""createUser"",""details"":""{\"first_name\":\"Mike Lorenz\",\"middle_name\":\"Verial\",\"last_name\":\"Vi\",\"email\":\"mikevidal689@gmail.com\",\"username\":\"Mike\",\"position\":\"Treasurer\",\"password\":\"***\",\"confirm_password\":\"***\"}"",""time"":""2025-11-19 23:48:40""},{""action"":""create"",""route"":""\/Capstone\/public\/superadmin\/createUser"",""method"":""POST"",""resource"":""createUser"",""details"":""{\"first_name\":\"Mike Lorenz\",\"middle_name\":\"Verial\",\"last_name\":\"Vi\",\"email\":\"mikevidal689@gmail.com\",\"username\":\"Mike\",\"position\":\"Treasurer\",\"password\":\"***\",\"confirm_password\":\"***\"}"",""time"":""2025-11-19 23:48:41""},{""action"":""create"",""route"":""\/Capstone\/public\/superadmin\/createUser"",""method"":""POST"",""resource"":""createUser"",""details"":""{\"first_name\":\"Mike Lorenz\",\"middle_name\":\"Verial\",\"last_name\":\"Vi\",\"email\":\"mikevidal689@gmail.com\",\"username\":\"Mike\",\"position\":\"Treasurer\",\"password\":\"***\",\"confirm_password\":\"***\"}"",""time"":""2025-11-19 23:48:41""},{""action"":""create"",""route"":""\/Capstone\/public\/superadmin\/createUser"",""method"":""POST"",""resource"":""createUser"",""details"":""{\"first_name\":\"Mike Lorenz\",\"middle_name\":\"Verial\",\"last_name\":\"Vi\",\"email\":\"mikevidal689@gmail.com\",\"username\":\"Mike\",\"position\":\"Treasurer\",\"password\":\"***\",\"confirm_password\":\"***\"}"",""time"":""2025-11-19 23:48:41""}]",::1,"Mozilla/5.0 (Windows NT 10.0; Win64; x64) AppleWebKit/537.36 (KHTML, like Gecko) Chrome/142.0.0.0 Safari/537.36","2025-11-19 23:39:18","2025-11-20 00:00:11"
17,admin,5,login,/admin/verify-otp,POST,verify-otp,"[{""action"":""logout"",""time"":""2025-11-19 23:55:03""}]",::1,"Mozilla/5.0 (Windows NT 10.0; Win64; x64) AppleWebKit/537.36 (KHTML, like Gecko) Chrome/142.0.0.0 Safari/537.36","2025-11-19 23:50:13","2025-11-19 23:55:03"
18,admin,5,login,/admin/login,POST,login,"[{""action"":""activate"",""route"":""\/admin\/reactivateUser\/2"",""method"":""POST"",""resource"":""2"",""details"":""{\"id\":\"2\",\"user_name\":\"Maria Santos\",\"first_name\":\"Maria\",\"last_name\":\"Santos\",\"email\":\"user2@example.com\"}"",""time"":""2025-11-20 01:50:46""},{""action"":""get"",""route"":""\/Capstone\/public\/admin\/exportReports"",""method"":""GET"",""resource"":""exportReports"",""details"":""{\"format\":\"pdf\",\"filename\":\"reports_2025-11-19\",\"start\":\"2024-12-31\",\"end\":\"2025-11-19\"}"",""time"":""2025-11-20 01:51:04""},{""action"":""get"",""route"":""\/Capstone\/public\/admin\/exportReports"",""method"":""GET"",""resource"":""exportReports"",""details"":""{\"format\":\"print\",\"filename\":\"reports_2025-11-19\",\"start\":\"2024-12-31\",\"end\":\"2025-11-19\"}"",""time"":""2025-11-20 01:52:42""},{""action"":""logout"",""time"":""2025-11-20 02:13:18""}]",::1,"Mozilla/5.0 (Windows NT 10.0; Win64; x64) AppleWebKit/537.36 (KHTML, like Gecko) Chrome/142.0.0.0 Safari/537.36","2025-11-19 23:58:42","2025-11-20 02:13:18"
19,superadmin,4,login,/superadmin/login,POST,check-code,"[{""action"":""post"",""route"":""\/Capstone\/public\/superadmin\/check-code"",""method"":""POST"",""resource"":""check-code"",""details"":""{\"admin_code\":\"194586\"}"",""time"":""2025-11-20 02:15:10""},{""action"":""post"",""route"":""\/Capstone\/public\/superadmin\/retireUser"",""method"":""POST"",""resource"":""retireUser"",""details"":""{\"id\":\"5\",\"admin_code\":\"Super-A-0001\",\"first_name\":\"First11\",\"last_name\":\"Last11\",\"user_id\":\"5\",\"user_name\":\"First11 Last11\"}"",""time"":""2025-11-20 02:32:59""},{""action"":""post"",""route"":""\/Capstone\/public\/superadmin\/retireUser"",""method"":""POST"",""resource"":""retireUser"",""details"":""{\"id\":\"5\",\"admin_code\":\"194586\",\"first_name\":\"First11\",\"last_name\":\"Last11\",\"user_id\":\"5\",\"user_name\":\"First11 Last11\"}"",""time"":""2025-11-20 02:33:27""},{""action"":""post"",""route"":""\/Capstone\/public\/superadmin\/retireUser"",""method"":""POST"",""resource"":""retireUser"",""details"":""{\"id\":\"5\",\"admin_code\":\"SUP-A-0001\",\"first_name\":\"First11\",\"last_name\":\"Last11\",\"user_id\":\"5\",\"user_name\":\"First11 Last11\"}"",""time"":""2025-11-20 02:34:10""},{""action"":""create"",""route"":""\/Capstone\/public\/superadmin\/createUser"",""method"":""POST"",""resource"":""createUser"",""details"":""{\"first_name\":\"Mike Lorenz\",\"middle_name\":\"Verial\",\"last_name\":\"Vidal\",\"email\":\"mikevidal689@gmail.com\",\"username\":\"Admin\",\"position\":\"President\"}"",""time"":""2025-11-20 03:02:21""},{""action"":""create"",""route"":""\/Capstone\/public\/superadmin\/createUser"",""method"":""POST"",""resource"":""createUser"",""details"":""{\"first_name\":\"Mike Lorenz\",\"middle_name\":\"Verial\",\"last_name\":\"Vidal\",\"email\":\"mikevidal689@gmail.com\",\"username\":\"Admin\",\"position\":\"President\"}"",""time"":""2025-11-20 03:02:22""},{""action"":""create"",""route"":""\/Capstone\/public\/superadmin\/createUser"",""method"":""POST"",""resource"":""createUser"",""details"":""{\"first_name\":\"Mike Lorenz\",\"middle_name\":\"Verial\",\"last_name\":\"Vidal\",\"email\":\"mikevidal689@gmail.com\",\"username\":\"admin1\",\"position\":\"President\"}"",""time"":""2025-11-20 03:02:31""},{""action"":""create"",""route"":""\/Capstone\/public\/superadmin\/createUser"",""method"":""POST"",""resource"":""createUser"",""details"":""{\"first_name\":\"Mike Lorenz\",\"middle_name\":\"Verial\",\"last_name\":\"Vidal\",\"email\":\"mikevidal689@gmail.com\",\"username\":\"admin1\",\"position\":\"President\"}"",""time"":""2025-11-20 03:02:31""},{""action"":""post"",""route"":""\/Capstone\/public\/superadmin\/retireUser"",""method"":""POST"",""resource"":""retireUser"",""details"":""{\"id\":\"6\",\"admin_code\":\"SUP-A-0001\",\"first_name\":\"First12\",\"last_name\":\"Last12\",\"user_id\":\"6\",\"user_name\":\"First12 Last12\"}"",""time"":""2025-11-20 03:08:36""},{""action"":""create"",""route"":""\/Capstone\/public\/superadmin\/createUser"",""method"":""POST"",""resource"":""createUser"",""details"":""{\"first_name\":\"Mike Lorenz\",\"middle_name\":\"Verial\",\"last_name\":\"Vidal\",\"email\":\"mikevidal689@gmail.com\",\"username\":\"OK\",\"position\":\"President\"}"",""time"":""2025-11-20 03:15:30""}]",::1,"Mozilla/5.0 (Windows NT 10.0; Win64; x64) AppleWebKit/537.36 (KHTML, like Gecko) Chrome/142.0.0.0 Safari/537.36","2025-11-20 02:15:10",
20,admin,7,login,/admin/verify-otp,POST,verify-otp,,::1,"Mozilla/5.0 (Windows NT 10.0; Win64; x64) AppleWebKit/537.36 (KHTML, like Gecko) Chrome/142.0.0.0 Safari/537.36","2025-11-20 03:21:01",
