[
    {
        "id": "4",
        "admin_code": "SUP-A-0001",
        "email": "mikevidal689@gmail.com",
        "password": "$2y$10$d2RLvqgAfqRTADQHLo9Z2ukKdAoK6mLVEk3Z6VeKDqG.WlXjtf7ie",
        "created_at": "2025-11-19 23:36:34",
        "updated_at": "2025-11-20 02:15:10",
        "otp_hash": null,
        "otp_expires": null,
        "is_primary": "0",
        "otp_failed_attempts": "0",
        "otp_locked_until": null,
        "admin_code_used_at": null,
        "first_name": null,
        "middle_name": null,
        "last_name": null,
        "must_change_password": "0"
    }
]