[{"id":"1","email":"user1@example.com","password":"$2y$10$7OIYLdX3BDiL7giN\/NQt\/etgENkg7rdhqSo5jMuJ\/de5vsHZtoKPy","active":"0","status":"pending","is_verified":"1","profile_complete":"0","otp_code":null,"otp_expires":null,"created_at":"2025-11-23 18:55:19","updated_at":"2025-11-23 18:55:19"},
{"id":"2","email":"user2@example.com","password":"$2y$10$UCvT8PMWci31hB7UXkNtwejdx639cjZ2JKYhOIv61w45kORAz2Zi6","active":"2","status":"approved","is_verified":"0","profile_complete":"0","otp_code":null,"otp_expires":null,"created_at":"2025-11-23 18:55:20","updated_at":"2025-11-23 18:55:20"},
{"id":"3","email":"otcpaid@mail.com","password":"$2y$10$c1wb6UmoDdpMQVL3IMtG\/O5U8vxeCS8KPSx72Y.fwBNgZ8jD8LAsq","active":"1","status":"approved","is_verified":"1","profile_complete":"1","otp_code":null,"otp_expires":null,"created_at":"2025-11-23 18:55:20","updated_at":"2025-11-23 18:55:20"},
{"id":"4","email":"otcuser@mail.com","password":"$2y$10$Xi5lWf24a9\/oKchJ2uU8x.sOhpDEtA5S4AtZE\/uUfyda7UIlGT6s.","active":"1","status":"approved","is_verified":"1","profile_complete":"1","otp_code":null,"otp_expires":null,"created_at":"2025-11-23 18:55:20","updated_at":"2025-11-23 18:55:20"},
{"id":"5","email":"user1_1@mail.com","password":"$2y$10$kaOu81FVg\/uWMZwYvV8MKeJhfG833lJmaNHJtrTJhFyaJ91IKRGNu","active":"1","status":"approved","is_verified":"1","profile_complete":"1","otp_code":null,"otp_expires":null,"created_at":"2025-11-23 18:55:20","updated_at":"2025-11-23 18:55:20"},
{"id":"6","email":"user1_2@mail.com","password":"$2y$10$Syk3gEQu7fsiVwrUAwyep.hffAESwHHzARmmo2NXvRI9rT\/uPetE2","active":"1","status":"approved","is_verified":"1","profile_complete":"1","otp_code":null,"otp_expires":null,"created_at":"2025-11-23 18:55:20","updated_at":"2025-11-23 18:55:20"},
{"id":"7","email":"user1_3@mail.com","password":"$2y$10$nA8CMC83CimCea3zicQIEOzRIM6JKLkg3cnUNUqBdC5htSqXI1rHm","active":"1","status":"approved","is_verified":"1","profile_complete":"1","otp_code":null,"otp_expires":null,"created_at":"2025-11-23 18:55:20","updated_at":"2025-11-23 18:55:20"},
{"id":"8","email":"user1_4@mail.com","password":"$2y$10$FxMKT9tV8OPvNATiGStaWud8\/FqMmdq6Qx.5jf\/w2nwukKJc.EWEC","active":"1","status":"approved","is_verified":"1","profile_complete":"1","otp_code":null,"otp_expires":null,"created_at":"2025-11-23 18:55:20","updated_at":"2025-11-23 18:55:20"},
{"id":"9","email":"user1_5@mail.com","password":"$2y$10$klISW4ompI5yf\/Kz5oDit.CveJETnBxEvnkVCKUqS0yPBrdYBXuGO","active":"1","status":"approved","is_verified":"1","profile_complete":"1","otp_code":null,"otp_expires":null,"created_at":"2025-11-23 18:55:21","updated_at":"2025-11-23 18:55:21"},
{"id":"10","email":"user2_1@mail.com","password":"$2y$10$U96d7C2UgBJK54a.5v1Y9.k1BYPEQPQb2EFTExC7Val3m\/cfibqUO","active":"1","status":"approved","is_verified":"1","profile_complete":"1","otp_code":null,"otp_expires":null,"created_at":"2025-11-23 18:55:21","updated_at":"2025-11-23 18:55:21"},
{"id":"11","email":"user2_2@mail.com","password":"$2y$10$cfEIkKE0RZPa0vaOL5EF9.zuF.yxzP.oLegBW3YXK4i99fTs1.5yG","active":"1","status":"approved","is_verified":"1","profile_complete":"1","otp_code":null,"otp_expires":null,"created_at":"2025-11-23 18:55:21","updated_at":"2025-11-23 18:55:21"},
{"id":"12","email":"user2_3@mail.com","password":"$2y$10$kHltWZvnk1S6gV\/9R5Url.q.McTMj5itdeRZ4AN4.wyPCJGrnrcvK","active":"1","status":"approved","is_verified":"1","profile_complete":"1","otp_code":null,"otp_expires":null,"created_at":"2025-11-23 18:55:21","updated_at":"2025-11-23 18:55:21"},
{"id":"13","email":"user2_4@mail.com","password":"$2y$10$fSKnqgv3TG3vlxSUbwbZWOXwh407aSOqV\/jn7N8Eksnaazh0Ltelm","active":"1","status":"approved","is_verified":"1","profile_complete":"1","otp_code":null,"otp_expires":null,"created_at":"2025-11-23 18:55:21","updated_at":"2025-11-23 18:55:21"},
{"id":"14","email":"user2_5@mail.com","password":"$2y$10$1M.r8n\/kFC.Yz8FXgJuFfeLySg1i1SrFhJ7nzjOiejXKCqDblggnu","active":"1","status":"approved","is_verified":"1","profile_complete":"1","otp_code":null,"otp_expires":null,"created_at":"2025-11-23 18:55:21","updated_at":"2025-11-23 18:55:21"},
{"id":"15","email":"user3_1@mail.com","password":"$2y$10$2KmNIqKYdEMaXq\/dXU2Ghup6BreW9yXQcFGUg9zlBjeuvSYJxrxCa","active":"1","status":"approved","is_verified":"1","profile_complete":"1","otp_code":null,"otp_expires":null,"created_at":"2025-11-23 18:55:21","updated_at":"2025-11-23 18:55:21"},
{"id":"16","email":"user3_2@mail.com","password":"$2y$10$IkKo66kA.oF7WqJy6Yc2pussAeQrgSNw7iQFKtj0nGF.UjoMvIVdK","active":"1","status":"approved","is_verified":"1","profile_complete":"1","otp_code":null,"otp_expires":null,"created_at":"2025-11-23 18:55:21","updated_at":"2025-11-23 18:55:21"},
{"id":"17","email":"user3_3@mail.com","password":"$2y$10$genD1HyKlfWoT3XsNx2UH.Eerfei5hk\/IFhyGyP1EfTYscbsVTBTG","active":"1","status":"approved","is_verified":"1","profile_complete":"1","otp_code":null,"otp_expires":null,"created_at":"2025-11-23 18:55:22","updated_at":"2025-11-23 18:55:22"},
{"id":"18","email":"user3_4@mail.com","password":"$2y$10$fh.JlsbOoPa8kRv1Tldot.vNkU2JB9K87eJTyVUz2oUEJkBJ67wsa","active":"1","status":"approved","is_verified":"1","profile_complete":"1","otp_code":null,"otp_expires":null,"created_at":"2025-11-23 18:55:22","updated_at":"2025-11-23 18:55:22"},
{"id":"19","email":"user3_5@mail.com","password":"$2y$10$0cCoWw0s96dKdXzE.Ti8PedoonAO\/fq5kT47872tNXQLrchuvDdXG","active":"1","status":"approved","is_verified":"1","profile_complete":"1","otp_code":null,"otp_expires":null,"created_at":"2025-11-23 18:55:22","updated_at":"2025-11-23 18:55:22"},
{"id":"20","email":"user4_1@mail.com","password":"$2y$10$OpUsan5waawuOJKpf2RTOe4PAJHM5QWr3p8cLGOJD0eSi2v1ukeDu","active":"1","status":"approved","is_verified":"1","profile_complete":"1","otp_code":null,"otp_expires":null,"created_at":"2025-11-23 18:55:22","updated_at":"2025-11-23 18:55:22"},
{"id":"21","email":"user4_2@mail.com","password":"$2y$10$1Sw0kfrqfOQHOAYMMzxXE.Us7GjY5kmtNKWRLbWmgyeglNed4ZweS","active":"1","status":"approved","is_verified":"1","profile_complete":"1","otp_code":null,"otp_expires":null,"created_at":"2025-11-23 18:55:22","updated_at":"2025-11-23 18:55:22"},
{"id":"22","email":"user4_3@mail.com","password":"$2y$10$wKA5XPtXiUxRerEx.ujWcuJHZOBkgCAuMr60BYLKJ.23YAnz4w4Tm","active":"1","status":"approved","is_verified":"1","profile_complete":"1","otp_code":null,"otp_expires":null,"created_at":"2025-11-23 18:55:22","updated_at":"2025-11-23 18:55:22"},
{"id":"23","email":"user4_4@mail.com","password":"$2y$10$rQqvU6UkbMq8L.SbkQUT6.rah7TuAp3KFIE9pcAydzee7D6.5MFP6","active":"1","status":"approved","is_verified":"1","profile_complete":"1","otp_code":null,"otp_expires":null,"created_at":"2025-11-23 18:55:22","updated_at":"2025-11-23 18:55:22"},
{"id":"24","email":"user4_5@mail.com","password":"$2y$10$KOVCKCYZvjI5xNZDBLSxnu80u3ZMCkJKd\/5F\/y2pwNiqMVB6y.e5C","active":"1","status":"approved","is_verified":"1","profile_complete":"1","otp_code":null,"otp_expires":null,"created_at":"2025-11-23 18:55:22","updated_at":"2025-11-23 18:55:22"},
{"id":"25","email":"user5_1@mail.com","password":"$2y$10$QTzflYKesoJ9IsG7UfmgjeqEVB1.qFxYkeRSSpPyTgN3AYcydLbuG","active":"1","status":"approved","is_verified":"1","profile_complete":"1","otp_code":null,"otp_expires":null,"created_at":"2025-11-23 18:55:23","updated_at":"2025-11-23 18:55:23"},
{"id":"26","email":"user5_2@mail.com","password":"$2y$10$ROOSHeCl8QEGCSKHUPmO8.jmtwHZTsVoXSTSjBXSRnjMsmHEFvnoy","active":"1","status":"approved","is_verified":"1","profile_complete":"1","otp_code":null,"otp_expires":null,"created_at":"2025-11-23 18:55:23","updated_at":"2025-11-23 18:55:23"},
{"id":"27","email":"user5_3@mail.com","password":"$2y$10$\/aIRLHl4U\/a.6RiIUFfjP..\/4q5kurOEqFTy6rbErdzWpcyVdhpU6","active":"1","status":"approved","is_verified":"1","profile_complete":"1","otp_code":null,"otp_expires":null,"created_at":"2025-11-23 18:55:23","updated_at":"2025-11-23 18:55:23"},
{"id":"28","email":"user5_4@mail.com","password":"$2y$10$MXx9N6DJqg29fJRtwG1UROdixFyOEQ1iUABOm6uyOSCrNJ7tZq00y","active":"1","status":"approved","is_verified":"1","profile_complete":"1","otp_code":null,"otp_expires":null,"created_at":"2025-11-23 18:55:23","updated_at":"2025-11-23 18:55:23"},
{"id":"29","email":"user5_5@mail.com","password":"$2y$10$yDJR4HrRSLNEaFb\/LmX.gOkZPzBhU0nxh2wrlDE7QIElOIKNZoFea","active":"1","status":"approved","is_verified":"1","profile_complete":"1","otp_code":null,"otp_expires":null,"created_at":"2025-11-23 18:55:23","updated_at":"2025-11-23 18:55:23"},
{"id":"30","email":"user6_1@mail.com","password":"$2y$10$eXfqQrmPjukqvo7vufn1IekZyO4jkxozfgttHz8g0OlM4jeGNaX2q","active":"1","status":"approved","is_verified":"1","profile_complete":"1","otp_code":null,"otp_expires":null,"created_at":"2025-11-23 18:55:23","updated_at":"2025-11-23 18:55:23"},
{"id":"31","email":"user6_2@mail.com","password":"$2y$10$8exF\/LeiYwehGB4nNPt5WeSmAi7GWJFiiHLEfrpxvgAVJf\/8jZWyG","active":"1","status":"approved","is_verified":"1","profile_complete":"1","otp_code":null,"otp_expires":null,"created_at":"2025-11-23 18:55:23","updated_at":"2025-11-23 18:55:23"},
{"id":"32","email":"user6_3@mail.com","password":"$2y$10$Kcxyf2MlSNtPDRWXzugtWO6DL81HcuX4omSxctKBhUsgZ7xVdygJ6","active":"1","status":"approved","is_verified":"1","profile_complete":"1","otp_code":null,"otp_expires":null,"created_at":"2025-11-23 18:55:24","updated_at":"2025-11-23 18:55:24"},
{"id":"33","email":"user6_4@mail.com","password":"$2y$10$1MUTZ\/E\/eYADCLYV2qu3O.LcklLx.3Kx5Hf756bPxaUNpcUU8h74y","active":"1","status":"approved","is_verified":"1","profile_complete":"1","otp_code":null,"otp_expires":null,"created_at":"2025-11-23 18:55:24","updated_at":"2025-11-23 18:55:24"},
{"id":"34","email":"user6_5@mail.com","password":"$2y$10$hw8I1DjNxoYRLwECsTsVOOgs.bMLJbCA.J5WvIYVWZHClSwfFj.0a","active":"1","status":"approved","is_verified":"1","profile_complete":"1","otp_code":null,"otp_expires":null,"created_at":"2025-11-23 18:55:24","updated_at":"2025-11-23 18:55:24"},
{"id":"35","email":"user7_1@mail.com","password":"$2y$10$T7j5xj1if7ka3c1US8OeV.Wm2dKVhkvG02rNlxo8UpGY0kSpMU6yq","active":"1","status":"approved","is_verified":"1","profile_complete":"1","otp_code":null,"otp_expires":null,"created_at":"2025-11-23 18:55:24","updated_at":"2025-11-23 18:55:24"},
{"id":"36","email":"user7_2@mail.com","password":"$2y$10$XHN41mW0R8HhKGTYfShim.X31Q0IH9cB6sZ4ZPwfwZQkivuGDJloi","active":"1","status":"approved","is_verified":"1","profile_complete":"1","otp_code":null,"otp_expires":null,"created_at":"2025-11-23 18:55:24","updated_at":"2025-11-23 18:55:24"},
{"id":"37","email":"user7_3@mail.com","password":"$2y$10$mVa5yjVJDzThsihkP.FKOezBeMiqZyo9NZcZaO6wKJPo0kEyTsaBm","active":"1","status":"approved","is_verified":"1","profile_complete":"1","otp_code":null,"otp_expires":null,"created_at":"2025-11-23 18:55:24","updated_at":"2025-11-23 18:55:24"},
{"id":"38","email":"user7_4@mail.com","password":"$2y$10$WubAN5F.Z0FPhrrgqRQLw.Amozii.Pwso6ncF.VA.XwIU0hd7TuoK","active":"1","status":"approved","is_verified":"1","profile_complete":"1","otp_code":null,"otp_expires":null,"created_at":"2025-11-23 18:55:24","updated_at":"2025-11-23 18:55:24"},
{"id":"39","email":"user7_5@mail.com","password":"$2y$10$8UiiMtu37Z\/RN.ZDzD3KGeOwRuFdo9R0DVqlS90GSyGWjsrqJW3nq","active":"1","status":"approved","is_verified":"1","profile_complete":"1","otp_code":null,"otp_expires":null,"created_at":"2025-11-23 18:55:25","updated_at":"2025-11-23 18:55:25"}]