-- Backup generated on 2025-11-23 19:35:37

-- Table structure for `admin`
DROP TABLE IF EXISTS `admin`;
admin;

INSERT INTO `admin` (`id`,`first_name`,`middle_name`,`last_name`,`profile_picture`,`username`,`email`,`password`,`position`,`is_verified`,`otp_code`,`otp_expire`,`created_at`,`updated_at`,`must_change_password`) VALUES ('2', 'Jane', 'B.', 'Smith', NULL, 'manager', 'manager@example.com', '$2y$10$m4s/a2H0OA/jCm/dPQ3oJeWKxp64Zc0qHT9ljoVpC.awQJjiAdIDi', 'Billing Officer', '1', NULL, NULL, '2025-11-23 18:55:19', '2025-11-23 18:55:19', '0');

-- Table structure for `admin_activity_logs`
DROP TABLE IF EXISTS `admin_activity_logs`;
admin_activity_logs;

INSERT INTO `admin_activity_logs` (`id`,`actor_type`,`actor_id`,`action`,`route`,`method`,`resource`,`details`,`ip_address`,`user_agent`,`created_at`,`logged_out_at`) VALUES ('1', 'superadmin', '1', 'login', '/superadmin/login', 'POST', 'check-code', '[{\"action\":\"post\",\"route\":\"\\/Capstone\\/public\\/superadmin\\/check-code\",\"method\":\"POST\",\"resource\":\"check-code\",\"details\":\"{\\\"admin_code\\\":\\\"335709\\\"}\",\"time\":\"2025-11-23 18:56:07\"},{\"action\":\"post\",\"route\":\"\\/Capstone\\/public\\/superadmin\\/retireUser\",\"method\":\"POST\",\"resource\":\"retireUser\",\"details\":\"{\\\"id\\\":\\\"1\\\",\\\"admin_code\\\":\\\"JCn3e37U6yDA\\\",\\\"first_name\\\":\\\"Carlos\\\",\\\"last_name\\\":\\\"Reyes\\\",\\\"user_id\\\":\\\"1\\\",\\\"user_name\\\":\\\"Carlos Reyes\\\"}\",\"time\":\"2025-11-23 18:56:20\"},{\"action\":\"edit\",\"route\":\"\\/Capstone\\/public\\/superadmin\\/updateProfile\",\"method\":\"POST\",\"resource\":\"updateProfile\",\"details\":\"{\\\"first_name\\\":\\\"Mike Lorenz\\\",\\\"middle_name\\\":\\\"Verial\\\",\\\"last_name\\\":\\\"Vidal\\\",\\\"email\\\":\\\"mikevidal689@gmail.com\\\",\\\"password\\\":\\\"***\\\",\\\"confirm_password\\\":\\\"***\\\"}\",\"time\":\"2025-11-23 18:58:44\"},{\"action\":\"post\",\"route\":\"\\/Capstone\\/public\\/superadmin\\/backup\",\"method\":\"POST\",\"resource\":\"backup\",\"details\":null,\"time\":\"2025-11-23 19:01:50\"},{\"action\":\"post\",\"route\":\"\\/Capstone\\/public\\/superadmin\\/chat\\/postAdminMessage\",\"method\":\"POST\",\"resource\":\"postAdminMessage\",\"details\":\"{\\\"message\\\":\\\"hey\\\",\\\"recipient_admin_id\\\":\\\"2\\\",\\\"external_id\\\":\\\"1b63c2bd-b442-4b72-91c8-b53fa469bfba\\\",\\\"csrf_test_name\\\":\\\"8dac688c2c6de838726530e2f8664c5d\\\"}\",\"time\":\"2025-11-23 19:03:33\"},{\"action\":\"post\",\"route\":\"\\/Capstone\\/public\\/superadmin\\/backup\",\"method\":\"POST\",\"resource\":\"backup\",\"details\":null,\"time\":\"2025-11-23 19:04:23\"},{\"action\":\"post\",\"route\":\"\\/Capstone\\/public\\/superadmin\\/backup\",\"method\":\"POST\",\"resource\":\"backup\",\"details\":null,\"time\":\"2025-11-23 19:04:23\"},{\"action\":\"post\",\"route\":\"\\/Capstone\\/public\\/superadmin\\/backup\",\"method\":\"POST\",\"resource\":\"backup\",\"details\":\"{\\\"csrf_test_name\\\":\\\"8dac688c2c6de838726530e2f8664c5d\\\"}\",\"time\":\"2025-11-23 19:06:01\"},{\"action\":\"post\",\"route\":\"\\/Capstone\\/public\\/superadmin\\/backup\",\"method\":\"POST\",\"resource\":\"backup\",\"details\":\"{\\\"csrf_test_name\\\":\\\"8dac688c2c6de838726530e2f8664c5d\\\"}\",\"time\":\"2025-11-23 19:06:07\"},{\"action\":\"post\",\"route\":\"\\/Capstone\\/public\\/superadmin\\/backup\",\"method\":\"POST\",\"resource\":\"backup\",\"details\":\"{\\\"csrf_test_name\\\":\\\"8dac688c2c6de838726530e2f8664c5d\\\"}\",\"time\":\"2025-11-23 19:09:10\"},{\"action\":\"post\",\"route\":\"\\/Capstone\\/public\\/superadmin\\/backup\",\"method\":\"POST\",\"resource\":\"backup\",\"details\":\"{\\\"csrf_test_name\\\":\\\"8dac688c2c6de838726530e2f8664c5d\\\"}\",\"time\":\"2025-11-23 19:09:10\"},{\"action\":\"post\",\"route\":\"\\/Capstone\\/public\\/superadmin\\/backup\",\"method\":\"POST\",\"resource\":\"backup\",\"details\":\"{\\\"csrf_test_name\\\":\\\"8dac688c2c6de838726530e2f8664c5d\\\"}\",\"time\":\"2025-11-23 19:10:23\"},{\"action\":\"post\",\"route\":\"\\/Capstone\\/public\\/superadmin\\/backup\",\"method\":\"POST\",\"resource\":\"backup\",\"details\":\"{\\\"csrf_test_name\\\":\\\"8dac688c2c6de838726530e2f8664c5d\\\"}\",\"time\":\"2025-11-23 19:10:32\"},{\"action\":\"post\",\"route\":\"\\/Capstone\\/public\\/superadmin\\/backup\",\"method\":\"POST\",\"resource\":\"backup\",\"details\":\"{\\\"csrf_test_name\\\":\\\"8dac688c2c6de838726530e2f8664c5d\\\"}\",\"time\":\"2025-11-23 19:12:10\"},{\"action\":\"get\",\"route\":\"\\/Capstone\\/public\\/superadmin\\/downloadBackup\",\"method\":\"GET\",\"resource\":\"superadmin-backup-20251120-033252.zip\",\"details\":\"{\\\"file\\\":\\\"superadmin-backup-20251120-033252.zip\\\"}\",\"time\":\"2025-11-23 19:12:16\"},{\"action\":\"post\",\"route\":\"\\/Capstone\\/public\\/superadmin\\/backup\",\"method\":\"POST\",\"resource\":\"backup\",\"details\":\"{\\\"csrf_test_name\\\":\\\"8dac688c2c6de838726530e2f8664c5d\\\"}\",\"time\":\"2025-11-23 19:12:25\"},{\"action\":\"post\",\"route\":\"\\/Capstone\\/public\\/superadmin\\/backup\",\"method\":\"POST\",\"resource\":\"backup\",\"details\":\"{\\\"csrf_test_name\\\":\\\"8dac688c2c6de838726530e2f8664c5d\\\"}\",\"time\":\"2025-11-23 19:12:51\"},{\"action\":\"post\",\"route\":\"\\/Capstone\\/public\\/superadmin\\/backup\",\"method\":\"POST\",\"resource\":\"backup\",\"details\":\"{\\\"csrf_test_name\\\":\\\"8dac688c2c6de838726530e2f8664c5d\\\"}\",\"time\":\"2025-11-23 19:13:52\"},{\"action\":\"post\",\"route\":\"\\/Capstone\\/public\\/superadmin\\/backup\",\"method\":\"POST\",\"resource\":\"backup\",\"details\":\"{\\\"csrf_test_name\\\":\\\"8dac688c2c6de838726530e2f8664c5d\\\"}\",\"time\":\"2025-11-23 19:16:07\"},{\"action\":\"post\",\"route\":\"\\/Capstone\\/public\\/superadmin\\/backup\",\"method\":\"POST\",\"resource\":\"backup\",\"details\":\"{\\\"csrf_test_name\\\":\\\"8dac688c2c6de838726530e2f8664c5d\\\"}\",\"time\":\"2025-11-23 19:18:36\"},{\"action\":\"get\",\"route\":\"\\/Capstone\\/public\\/superadmin\\/downloadBackup\",\"method\":\"GET\",\"resource\":\"backup-all-20251123-191835.zip\",\"details\":\"{\\\"file\\\":\\\"backup-all-20251123-191835.zip\\\"}\",\"time\":\"2025-11-23 19:18:37\"},{\"action\":\"post\",\"route\":\"\\/Capstone\\/public\\/superadmin\\/backup\",\"method\":\"POST\",\"resource\":\"backup\",\"details\":\"{\\\"csrf_test_name\\\":\\\"8dac688c2c6de838726530e2f8664c5d\\\"}\",\"time\":\"2025-11-23 19:31:24\"},{\"action\":\"post\",\"route\":\"\\/Capstone\\/public\\/superadmin\\/backup\",\"method\":\"POST\",\"resource\":\"backup\",\"details\":\"{\\\"csrf_test_name\\\":\\\"8dac688c2c6de838726530e2f8664c5d\\\"}\",\"time\":\"2025-11-23 19:31:26\"},{\"action\":\"get\",\"route\":\"\\/Capstone\\/public\\/superadmin\\/downloadBackup\",\"method\":\"GET\",\"resource\":\"backup-all-20251123-193123.zip\",\"details\":\"{\\\"file\\\":\\\"backup-all-20251123-193123.zip\\\"}\",\"time\":\"2025-11-23 19:31:26\"}]', '::1', 'Mozilla/5.0 (Linux; Android 6.0; Nexus 5 Build/MRA58N) AppleWebKit/537.36 (KHTML, like Gecko) Chrome/142.0.0.0 Mobile Safari/537.36', '2025-11-23 18:56:07', NULL);
INSERT INTO `admin_activity_logs` (`id`,`actor_type`,`actor_id`,`action`,`route`,`method`,`resource`,`details`,`ip_address`,`user_agent`,`created_at`,`logged_out_at`) VALUES ('2', 'superadmin', '1', 'backup', '/superadmin/backup', 'POST', 'all_tables', '{\"filename\":\"backup-all-20251123-191835.zip\",\"counts\":{\"admin\":1,\"admin_activity_logs\":1,\"admin_archived\":1,\"admin_chats\":1,\"archived_billings\":0,\"billings\":39,\"chat_messages\":1,\"gcash_settings\":0,\"inactive_users\":0,\"migrations\":27,\"password_resets\":0,\"payment_settings\":0,\"payments\":16,\"service_reports\":0,\"super_admin\":1,\"superadmin_actions\":0,\"user_information\":39,\"users\":39}}', '::1', 'Mozilla/5.0 (Linux; Android 6.0; Nexus 5 Build/MRA58N) AppleWebKit/537.36 (KHTML, like Gecko) Chrome/142.0.0.0 Mobile Safari/537.36', '2025-11-23 19:18:35', NULL);
INSERT INTO `admin_activity_logs` (`id`,`actor_type`,`actor_id`,`action`,`route`,`method`,`resource`,`details`,`ip_address`,`user_agent`,`created_at`,`logged_out_at`) VALUES ('3', 'superadmin', '1', 'backup', '/superadmin/backup', 'POST', 'all_tables', '{\"filename\":\"backup-all-20251123-193123.zip\",\"counts\":{\"admin\":1,\"admin_activity_logs\":2,\"admin_archived\":1,\"admin_chats\":1,\"archived_billings\":0,\"billings\":39,\"chat_messages\":1,\"gcash_settings\":0,\"inactive_users\":0,\"migrations\":27,\"password_resets\":0,\"payment_settings\":0,\"payments\":16,\"service_reports\":0,\"super_admin\":1,\"superadmin_actions\":0,\"user_information\":39,\"users\":39}}', '::1', 'Mozilla/5.0 (Linux; Android 6.0; Nexus 5 Build/MRA58N) AppleWebKit/537.36 (KHTML, like Gecko) Chrome/142.0.0.0 Mobile Safari/537.36', '2025-11-23 19:31:23', NULL);
INSERT INTO `admin_activity_logs` (`id`,`actor_type`,`actor_id`,`action`,`route`,`method`,`resource`,`details`,`ip_address`,`user_agent`,`created_at`,`logged_out_at`) VALUES ('4', 'superadmin', '1', 'backup', '/superadmin/backup', 'POST', 'all_tables', '{\"filename\":\"backup-all-20251123-193125.zip\",\"counts\":{\"admin\":1,\"admin_activity_logs\":3,\"admin_archived\":1,\"admin_chats\":1,\"archived_billings\":0,\"billings\":39,\"chat_messages\":1,\"gcash_settings\":0,\"inactive_users\":0,\"migrations\":27,\"password_resets\":0,\"payment_settings\":0,\"payments\":16,\"service_reports\":0,\"super_admin\":1,\"superadmin_actions\":0,\"user_information\":39,\"users\":39}}', '::1', 'Mozilla/5.0 (Linux; Android 6.0; Nexus 5 Build/MRA58N) AppleWebKit/537.36 (KHTML, like Gecko) Chrome/142.0.0.0 Mobile Safari/537.36', '2025-11-23 19:31:25', NULL);

-- Table structure for `admin_archived`
DROP TABLE IF EXISTS `admin_archived`;
admin_archived;

INSERT INTO `admin_archived` (`id`,`original_admin_id`,`first_name`,`middle_name`,`last_name`,`username`,`email`,`password`,`position`,`is_verified`,`profile_picture`,`created_at`,`updated_at`,`archived_at`) VALUES ('1', '1', 'John', 'A.', 'Doe', 'admin', 'admin@example.com', '$2y$10$mvJ70jy6yD1YSpu2zaHE7ujXudiRkAH61WXXN3ULvBJWoL7O.o4mG', 'Administrator', '1', NULL, '2025-11-23 18:55:19', '2025-11-23 18:55:19', '2025-11-23 18:56:18');

-- Table structure for `admin_chats`
DROP TABLE IF EXISTS `admin_chats`;
admin_chats;

INSERT INTO `admin_chats` (`id`,`external_id`,`sender_admin_id`,`recipient_admin_id`,`message`,`is_read`,`read_at`,`is_broadcast`,`metadata`,`created_at`) VALUES ('1', '1b63c2bd-b442-4b72-91c8-b53fa469bfba', '1', '2', 'hey', '1', NULL, '0', NULL, '2025-11-23 19:03:33');

-- Table structure for `archived_billings`
DROP TABLE IF EXISTS `archived_billings`;
archived_billings;


-- Table structure for `billings`
DROP TABLE IF EXISTS `billings`;
billings;

INSERT INTO `billings` (`id`,`user_id`,`description`,`bill_no`,`amount_due`,`balance`,`status`,`billing_month`,`due_date`,`paid_date`,`remarks`,`created_at`,`updated_at`) VALUES ('1', '1', NULL, 'BILL-001', '60.00', '0.00', 'Pending', 'September', '2025-11-30', NULL, 'Monthly water usage for September', '2025-11-23 18:55:20', '2025-11-23 18:55:20');
INSERT INTO `billings` (`id`,`user_id`,`description`,`bill_no`,`amount_due`,`balance`,`status`,`billing_month`,`due_date`,`paid_date`,`remarks`,`created_at`,`updated_at`) VALUES ('2', '1', NULL, 'BILL-002', '60.00', '0.00', 'Pending', 'October', '2025-12-23', NULL, 'Monthly water usage for October', '2025-11-23 18:55:20', '2025-11-23 18:55:20');
INSERT INTO `billings` (`id`,`user_id`,`description`,`bill_no`,`amount_due`,`balance`,`status`,`billing_month`,`due_date`,`paid_date`,`remarks`,`created_at`,`updated_at`) VALUES ('3', '3', NULL, 'BILL-OTC-PAID-6922e81847d7a', '500.00', '0.00', 'Paid', '2025-11', '2025-11-28', '2025-11-23 00:00:00', 'Paid over-the-counter', '2025-11-23 18:55:20', '2025-11-23 18:55:20');
INSERT INTO `billings` (`id`,`user_id`,`description`,`bill_no`,`amount_due`,`balance`,`status`,`billing_month`,`due_date`,`paid_date`,`remarks`,`created_at`,`updated_at`) VALUES ('4', '4', NULL, 'BILL-OTC-001', '500.00', '0.00', 'Pending', '2025-11', '2025-11-28', NULL, 'Awaiting over-the-counter payment', '2025-11-23 18:55:20', '2025-11-23 18:55:20');
INSERT INTO `billings` (`id`,`user_id`,`description`,`bill_no`,`amount_due`,`balance`,`status`,`billing_month`,`due_date`,`paid_date`,`remarks`,`created_at`,`updated_at`) VALUES ('5', '5', NULL, 'BILL6922E81886819', '465.00', '0.00', 'Paid', '2025-11', '2025-11-28', '2025-11-23 00:00:00', 'Payment successful', '2025-11-23 18:55:20', '2025-11-23 18:55:20');
INSERT INTO `billings` (`id`,`user_id`,`description`,`bill_no`,`amount_due`,`balance`,`status`,`billing_month`,`due_date`,`paid_date`,`remarks`,`created_at`,`updated_at`) VALUES ('6', '6', NULL, 'BILL6922E818A81B1', '414.00', '0.00', 'Pending', '2025-11', '2025-11-28', NULL, 'Awaiting payment', '2025-11-23 18:55:20', '2025-11-23 18:55:20');
INSERT INTO `billings` (`id`,`user_id`,`description`,`bill_no`,`amount_due`,`balance`,`status`,`billing_month`,`due_date`,`paid_date`,`remarks`,`created_at`,`updated_at`) VALUES ('7', '7', NULL, 'BILL6922E818C8E05', '383.00', '0.00', 'Paid', '2025-11', '2025-11-28', '2025-11-23 00:00:00', 'Payment successful', '2025-11-23 18:55:20', '2025-11-23 18:55:20');
INSERT INTO `billings` (`id`,`user_id`,`description`,`bill_no`,`amount_due`,`balance`,`status`,`billing_month`,`due_date`,`paid_date`,`remarks`,`created_at`,`updated_at`) VALUES ('8', '8', NULL, 'BILL6922E818E95A5', '409.00', '0.00', 'Paid', '2025-11', '2025-11-28', '2025-11-23 00:00:00', 'Payment successful', '2025-11-23 18:55:20', '2025-11-23 18:55:20');
INSERT INTO `billings` (`id`,`user_id`,`description`,`bill_no`,`amount_due`,`balance`,`status`,`billing_month`,`due_date`,`paid_date`,`remarks`,`created_at`,`updated_at`) VALUES ('9', '9', NULL, 'BILL6922E819137DD', '484.00', '0.00', 'Paid', '2025-11', '2025-11-28', '2025-11-23 00:00:00', 'Payment successful', '2025-11-23 18:55:21', '2025-11-23 18:55:21');
INSERT INTO `billings` (`id`,`user_id`,`description`,`bill_no`,`amount_due`,`balance`,`status`,`billing_month`,`due_date`,`paid_date`,`remarks`,`created_at`,`updated_at`) VALUES ('10', '10', NULL, 'BILL6922E81935093', '464.00', '0.00', 'Paid', '2025-11', '2025-11-28', '2025-11-23 00:00:00', 'Payment successful', '2025-11-23 18:55:21', '2025-11-23 18:55:21');
INSERT INTO `billings` (`id`,`user_id`,`description`,`bill_no`,`amount_due`,`balance`,`status`,`billing_month`,`due_date`,`paid_date`,`remarks`,`created_at`,`updated_at`) VALUES ('11', '11', NULL, 'BILL6922E81956D27', '377.00', '0.00', 'Pending', '2025-11', '2025-11-28', NULL, 'Awaiting payment', '2025-11-23 18:55:21', '2025-11-23 18:55:21');
INSERT INTO `billings` (`id`,`user_id`,`description`,`bill_no`,`amount_due`,`balance`,`status`,`billing_month`,`due_date`,`paid_date`,`remarks`,`created_at`,`updated_at`) VALUES ('12', '12', NULL, 'BILL6922E81974639', '464.00', '0.00', 'Paid', '2025-11', '2025-11-28', '2025-11-23 00:00:00', 'Payment successful', '2025-11-23 18:55:21', '2025-11-23 18:55:21');
INSERT INTO `billings` (`id`,`user_id`,`description`,`bill_no`,`amount_due`,`balance`,`status`,`billing_month`,`due_date`,`paid_date`,`remarks`,`created_at`,`updated_at`) VALUES ('13', '13', NULL, 'BILL6922E8199303F', '404.00', '0.00', 'Pending', '2025-11', '2025-11-28', NULL, 'Awaiting payment', '2025-11-23 18:55:21', '2025-11-23 18:55:21');
INSERT INTO `billings` (`id`,`user_id`,`description`,`bill_no`,`amount_due`,`balance`,`status`,`billing_month`,`due_date`,`paid_date`,`remarks`,`created_at`,`updated_at`) VALUES ('14', '14', NULL, 'BILL6922E819B2954', '389.00', '0.00', 'Pending', '2025-11', '2025-11-28', NULL, 'Awaiting payment', '2025-11-23 18:55:21', '2025-11-23 18:55:21');
INSERT INTO `billings` (`id`,`user_id`,`description`,`bill_no`,`amount_due`,`balance`,`status`,`billing_month`,`due_date`,`paid_date`,`remarks`,`created_at`,`updated_at`) VALUES ('15', '15', NULL, 'BILL6922E819D346E', '441.00', '0.00', 'Paid', '2025-11', '2025-11-28', '2025-11-23 00:00:00', 'Payment successful', '2025-11-23 18:55:21', '2025-11-23 18:55:21');
INSERT INTO `billings` (`id`,`user_id`,`description`,`bill_no`,`amount_due`,`balance`,`status`,`billing_month`,`due_date`,`paid_date`,`remarks`,`created_at`,`updated_at`) VALUES ('16', '16', NULL, 'BILL6922E819F2F2C', '373.00', '0.00', 'Pending', '2025-11', '2025-11-28', NULL, 'Awaiting payment', '2025-11-23 18:55:21', '2025-11-23 18:55:21');
INSERT INTO `billings` (`id`,`user_id`,`description`,`bill_no`,`amount_due`,`balance`,`status`,`billing_month`,`due_date`,`paid_date`,`remarks`,`created_at`,`updated_at`) VALUES ('17', '17', NULL, 'BILL6922E81A1F651', '354.00', '0.00', 'Pending', '2025-11', '2025-11-28', NULL, 'Awaiting payment', '2025-11-23 18:55:22', '2025-11-23 18:55:22');
INSERT INTO `billings` (`id`,`user_id`,`description`,`bill_no`,`amount_due`,`balance`,`status`,`billing_month`,`due_date`,`paid_date`,`remarks`,`created_at`,`updated_at`) VALUES ('18', '18', NULL, 'BILL6922E81A40153', '423.00', '0.00', 'Pending', '2025-11', '2025-11-28', NULL, 'Awaiting payment', '2025-11-23 18:55:22', '2025-11-23 18:55:22');
INSERT INTO `billings` (`id`,`user_id`,`description`,`bill_no`,`amount_due`,`balance`,`status`,`billing_month`,`due_date`,`paid_date`,`remarks`,`created_at`,`updated_at`) VALUES ('19', '19', NULL, 'BILL6922E81A5DEB3', '366.00', '0.00', 'Paid', '2025-11', '2025-11-28', '2025-11-23 00:00:00', 'Payment successful', '2025-11-23 18:55:22', '2025-11-23 18:55:22');
INSERT INTO `billings` (`id`,`user_id`,`description`,`bill_no`,`amount_due`,`balance`,`status`,`billing_month`,`due_date`,`paid_date`,`remarks`,`created_at`,`updated_at`) VALUES ('20', '20', NULL, 'BILL6922E81A7C687', '409.00', '0.00', 'Pending', '2025-11', '2025-11-28', NULL, 'Awaiting payment', '2025-11-23 18:55:22', '2025-11-23 18:55:22');
INSERT INTO `billings` (`id`,`user_id`,`description`,`bill_no`,`amount_due`,`balance`,`status`,`billing_month`,`due_date`,`paid_date`,`remarks`,`created_at`,`updated_at`) VALUES ('21', '21', NULL, 'BILL6922E81A9A647', '444.00', '0.00', 'Paid', '2025-11', '2025-11-28', '2025-11-23 00:00:00', 'Payment successful', '2025-11-23 18:55:22', '2025-11-23 18:55:22');
INSERT INTO `billings` (`id`,`user_id`,`description`,`bill_no`,`amount_due`,`balance`,`status`,`billing_month`,`due_date`,`paid_date`,`remarks`,`created_at`,`updated_at`) VALUES ('22', '22', NULL, 'BILL6922E81AB8E87', '420.00', '0.00', 'Paid', '2025-11', '2025-11-28', '2025-11-23 00:00:00', 'Payment successful', '2025-11-23 18:55:22', '2025-11-23 18:55:22');
INSERT INTO `billings` (`id`,`user_id`,`description`,`bill_no`,`amount_due`,`balance`,`status`,`billing_month`,`due_date`,`paid_date`,`remarks`,`created_at`,`updated_at`) VALUES ('23', '23', NULL, 'BILL6922E81AD87DC', '461.00', '0.00', 'Pending', '2025-11', '2025-11-28', NULL, 'Awaiting payment', '2025-11-23 18:55:22', '2025-11-23 18:55:22');
INSERT INTO `billings` (`id`,`user_id`,`description`,`bill_no`,`amount_due`,`balance`,`status`,`billing_month`,`due_date`,`paid_date`,`remarks`,`created_at`,`updated_at`) VALUES ('24', '24', NULL, 'BILL6922E81B04BBE', '365.00', '0.00', 'Pending', '2025-11', '2025-11-28', NULL, 'Awaiting payment', '2025-11-23 18:55:23', '2025-11-23 18:55:23');
INSERT INTO `billings` (`id`,`user_id`,`description`,`bill_no`,`amount_due`,`balance`,`status`,`billing_month`,`due_date`,`paid_date`,`remarks`,`created_at`,`updated_at`) VALUES ('25', '25', NULL, 'BILL6922E81B222A5', '395.00', '0.00', 'Pending', '2025-11', '2025-11-28', NULL, 'Awaiting payment', '2025-11-23 18:55:23', '2025-11-23 18:55:23');
INSERT INTO `billings` (`id`,`user_id`,`description`,`bill_no`,`amount_due`,`balance`,`status`,`billing_month`,`due_date`,`paid_date`,`remarks`,`created_at`,`updated_at`) VALUES ('26', '26', NULL, 'BILL6922E81B4580D', '437.00', '0.00', 'Pending', '2025-11', '2025-11-28', NULL, 'Awaiting payment', '2025-11-23 18:55:23', '2025-11-23 18:55:23');
INSERT INTO `billings` (`id`,`user_id`,`description`,`bill_no`,`amount_due`,`balance`,`status`,`billing_month`,`due_date`,`paid_date`,`remarks`,`created_at`,`updated_at`) VALUES ('27', '27', NULL, 'BILL6922E81B68DEE', '461.00', '0.00', 'Pending', '2025-11', '2025-11-28', NULL, 'Awaiting payment', '2025-11-23 18:55:23', '2025-11-23 18:55:23');
INSERT INTO `billings` (`id`,`user_id`,`description`,`bill_no`,`amount_due`,`balance`,`status`,`billing_month`,`due_date`,`paid_date`,`remarks`,`created_at`,`updated_at`) VALUES ('28', '28', NULL, 'BILL6922E81B87A3D', '417.00', '0.00', 'Paid', '2025-11', '2025-11-28', '2025-11-23 00:00:00', 'Payment successful', '2025-11-23 18:55:23', '2025-11-23 18:55:23');
INSERT INTO `billings` (`id`,`user_id`,`description`,`bill_no`,`amount_due`,`balance`,`status`,`billing_month`,`due_date`,`paid_date`,`remarks`,`created_at`,`updated_at`) VALUES ('29', '29', NULL, 'BILL6922E81BA9F3B', '443.00', '0.00', 'Pending', '2025-11', '2025-11-28', NULL, 'Awaiting payment', '2025-11-23 18:55:23', '2025-11-23 18:55:23');
INSERT INTO `billings` (`id`,`user_id`,`description`,`bill_no`,`amount_due`,`balance`,`status`,`billing_month`,`due_date`,`paid_date`,`remarks`,`created_at`,`updated_at`) VALUES ('30', '30', NULL, 'BILL6922E81BCC8E7', '432.00', '0.00', 'Pending', '2025-11', '2025-11-28', NULL, 'Awaiting payment', '2025-11-23 18:55:23', '2025-11-23 18:55:23');
INSERT INTO `billings` (`id`,`user_id`,`description`,`bill_no`,`amount_due`,`balance`,`status`,`billing_month`,`due_date`,`paid_date`,`remarks`,`created_at`,`updated_at`) VALUES ('31', '31', NULL, 'BILL6922E81BEE10B', '371.00', '0.00', 'Pending', '2025-11', '2025-11-28', NULL, 'Awaiting payment', '2025-11-23 18:55:23', '2025-11-23 18:55:23');
INSERT INTO `billings` (`id`,`user_id`,`description`,`bill_no`,`amount_due`,`balance`,`status`,`billing_month`,`due_date`,`paid_date`,`remarks`,`created_at`,`updated_at`) VALUES ('32', '32', NULL, 'BILL6922E81C1D6B0', '409.00', '0.00', 'Paid', '2025-11', '2025-11-28', '2025-11-23 00:00:00', 'Payment successful', '2025-11-23 18:55:24', '2025-11-23 18:55:24');
INSERT INTO `billings` (`id`,`user_id`,`description`,`bill_no`,`amount_due`,`balance`,`status`,`billing_month`,`due_date`,`paid_date`,`remarks`,`created_at`,`updated_at`) VALUES ('33', '33', NULL, 'BILL6922E81C3CBD4', '417.00', '0.00', 'Paid', '2025-11', '2025-11-28', '2025-11-23 00:00:00', 'Payment successful', '2025-11-23 18:55:24', '2025-11-23 18:55:24');
INSERT INTO `billings` (`id`,`user_id`,`description`,`bill_no`,`amount_due`,`balance`,`status`,`billing_month`,`due_date`,`paid_date`,`remarks`,`created_at`,`updated_at`) VALUES ('34', '34', NULL, 'BILL6922E81C5DDDD', '489.00', '0.00', 'Pending', '2025-11', '2025-11-28', NULL, 'Awaiting payment', '2025-11-23 18:55:24', '2025-11-23 18:55:24');
INSERT INTO `billings` (`id`,`user_id`,`description`,`bill_no`,`amount_due`,`balance`,`status`,`billing_month`,`due_date`,`paid_date`,`remarks`,`created_at`,`updated_at`) VALUES ('35', '35', NULL, 'BILL6922E81C7BF46', '383.00', '0.00', 'Pending', '2025-11', '2025-11-28', NULL, 'Awaiting payment', '2025-11-23 18:55:24', '2025-11-23 18:55:24');
INSERT INTO `billings` (`id`,`user_id`,`description`,`bill_no`,`amount_due`,`balance`,`status`,`billing_month`,`due_date`,`paid_date`,`remarks`,`created_at`,`updated_at`) VALUES ('36', '36', NULL, 'BILL6922E81C9E5E6', '435.00', '0.00', 'Paid', '2025-11', '2025-11-28', '2025-11-23 00:00:00', 'Payment successful', '2025-11-23 18:55:24', '2025-11-23 18:55:24');
INSERT INTO `billings` (`id`,`user_id`,`description`,`bill_no`,`amount_due`,`balance`,`status`,`billing_month`,`due_date`,`paid_date`,`remarks`,`created_at`,`updated_at`) VALUES ('37', '37', NULL, 'BILL6922E81CC1D6C', '413.00', '0.00', 'Pending', '2025-11', '2025-11-28', NULL, 'Awaiting payment', '2025-11-23 18:55:24', '2025-11-23 18:55:24');
INSERT INTO `billings` (`id`,`user_id`,`description`,`bill_no`,`amount_due`,`balance`,`status`,`billing_month`,`due_date`,`paid_date`,`remarks`,`created_at`,`updated_at`) VALUES ('38', '38', NULL, 'BILL6922E81CE72F3', '419.00', '0.00', 'Pending', '2025-11', '2025-11-28', NULL, 'Awaiting payment', '2025-11-23 18:55:24', '2025-11-23 18:55:24');
INSERT INTO `billings` (`id`,`user_id`,`description`,`bill_no`,`amount_due`,`balance`,`status`,`billing_month`,`due_date`,`paid_date`,`remarks`,`created_at`,`updated_at`) VALUES ('39', '39', NULL, 'BILL6922E81D17888', '484.00', '0.00', 'Pending', '2025-11', '2025-11-28', NULL, 'Awaiting payment', '2025-11-23 18:55:25', '2025-11-23 18:55:25');

-- Table structure for `chat_messages`
DROP TABLE IF EXISTS `chat_messages`;
chat_messages;

INSERT INTO `chat_messages` (`id`,`external_id`,`user_id`,`admin_id`,`sender`,`is_internal`,`message`,`is_read`,`read_at`,`created_at`,`user_name`,`admin_recipient_id`) VALUES ('1', '1b63c2bd-b442-4b72-91c8-b53fa469bfba', NULL, '1', 'admin_internal', '1', 'hey', '1', NULL, '2025-11-23 19:03:33', NULL, '2');

-- Table structure for `gcash_settings`
DROP TABLE IF EXISTS `gcash_settings`;
gcash_settings;


-- Table structure for `inactive_users`
DROP TABLE IF EXISTS `inactive_users`;
inactive_users;


-- Table structure for `migrations`
DROP TABLE IF EXISTS `migrations`;
migrations;

INSERT INTO `migrations` (`id`,`version`,`class`,`group`,`namespace`,`time`,`batch`) VALUES ('595', '2025-08-21-084947', 'App\\Database\\Migrations\\CreateUsersTable', 'default', 'App', '1763895309', '1');
INSERT INTO `migrations` (`id`,`version`,`class`,`group`,`namespace`,`time`,`batch`) VALUES ('596', '2025-09-06-080639', 'App\\Database\\Migrations\\CreateBillingTable', 'default', 'App', '1763895309', '1');
INSERT INTO `migrations` (`id`,`version`,`class`,`group`,`namespace`,`time`,`batch`) VALUES ('597', '2025-09-06-080934', 'App\\Database\\Migrations\\CreateAdminTable', 'default', 'App', '1763895309', '1');
INSERT INTO `migrations` (`id`,`version`,`class`,`group`,`namespace`,`time`,`batch`) VALUES ('598', '2025-09-13-070656', 'App\\Database\\Migrations\\CreateServiceReportsTable', 'default', 'App', '1763895309', '1');
INSERT INTO `migrations` (`id`,`version`,`class`,`group`,`namespace`,`time`,`batch`) VALUES ('599', '2025-09-21-095332', 'App\\Database\\Migrations\\CreateUserInformation', 'default', 'App', '1763895309', '1');
INSERT INTO `migrations` (`id`,`version`,`class`,`group`,`namespace`,`time`,`batch`) VALUES ('600', '2025-09-22-123400', 'App\\Database\\Migrations\\CreatePasswordResetTable', 'default', 'App', '1763895309', '1');
INSERT INTO `migrations` (`id`,`version`,`class`,`group`,`namespace`,`time`,`batch`) VALUES ('601', '2025-10-02-110152', 'App\\Database\\Migrations\\CreateSuperAdminTable', 'default', 'App', '1763895309', '1');
INSERT INTO `migrations` (`id`,`version`,`class`,`group`,`namespace`,`time`,`batch`) VALUES ('602', '2025-10-04-161829', 'App\\Database\\Migrations\\AddDescriptionToBillings', 'default', 'App', '1763895309', '1');
INSERT INTO `migrations` (`id`,`version`,`class`,`group`,`namespace`,`time`,`batch`) VALUES ('603', '2025-10-08-095645', 'App\\Database\\Migrations\\CreatePaymentsTable', 'default', 'App', '1763895309', '1');
INSERT INTO `migrations` (`id`,`version`,`class`,`group`,`namespace`,`time`,`batch`) VALUES ('604', '2025-11-11-074803', 'App\\Database\\Migrations\\CreateGcashSettingsTable', 'default', 'App', '1763895309', '1');
INSERT INTO `migrations` (`id`,`version`,`class`,`group`,`namespace`,`time`,`batch`) VALUES ('605', '2025-11-16-000001', 'App\\Database\\Migrations\\CreateAdminArchivedTable', 'default', 'App', '1763895309', '1');
INSERT INTO `migrations` (`id`,`version`,`class`,`group`,`namespace`,`time`,`batch`) VALUES ('606', '2025-11-16-000010', 'App\\Database\\Migrations\\CreateAdminActivityLogs', 'default', 'App', '1763895309', '1');
INSERT INTO `migrations` (`id`,`version`,`class`,`group`,`namespace`,`time`,`batch`) VALUES ('607', '2025-11-16-120000', 'App\\Database\\Migrations\\AddInactiveUsersAndArchivedBillings', 'default', 'App', '1763895309', '1');
INSERT INTO `migrations` (`id`,`version`,`class`,`group`,`namespace`,`time`,`batch`) VALUES ('608', '2025-11-18-020000', 'App\\Database\\Migrations\\AddUniqueIndexToInactiveUsers', 'default', 'App', '1763895309', '1');
INSERT INTO `migrations` (`id`,`version`,`class`,`group`,`namespace`,`time`,`batch`) VALUES ('609', '2025-11-18-120000', 'App\\Database\\Migrations\\AddNamesToSuperAdmin', 'default', 'App', '1763895309', '1');
INSERT INTO `migrations` (`id`,`version`,`class`,`group`,`namespace`,`time`,`batch`) VALUES ('610', '2025-11-18-220001', 'App\\Database\\Migrations\\AddSuperadminOtpAndFlags', 'default', 'App', '1763895309', '1');
INSERT INTO `migrations` (`id`,`version`,`class`,`group`,`namespace`,`time`,`batch`) VALUES ('611', '2025-11-18-220002', 'App\\Database\\Migrations\\AddSuperadminSecurityFields', 'default', 'App', '1763895309', '1');
INSERT INTO `migrations` (`id`,`version`,`class`,`group`,`namespace`,`time`,`batch`) VALUES ('612', '2025-11-18-220003', 'App\\Database\\Migrations\\CreateSuperadminActions', 'default', 'App', '1763895309', '1');
INSERT INTO `migrations` (`id`,`version`,`class`,`group`,`namespace`,`time`,`batch`) VALUES ('613', '2025-11-18-220004', 'App\\Database\\Migrations\\AddAdminCodeUsedAt', 'default', 'App', '1763895309', '1');
INSERT INTO `migrations` (`id`,`version`,`class`,`group`,`namespace`,`time`,`batch`) VALUES ('614', '2025-11-19-000001', 'App\\Database\\Migrations\\CreateChatMessages', 'default', 'App', '1763895309', '1');
INSERT INTO `migrations` (`id`,`version`,`class`,`group`,`namespace`,`time`,`batch`) VALUES ('615', '2025-11-19-000002', 'App\\Database\\Migrations\\AddUserNameToChatMessages', 'default', 'App', '1763895309', '1');
INSERT INTO `migrations` (`id`,`version`,`class`,`group`,`namespace`,`time`,`batch`) VALUES ('616', '2025-11-20-000001', 'App\\Database\\Migrations\\AddMustChangePassword', 'default', 'App', '1763895309', '1');
INSERT INTO `migrations` (`id`,`version`,`class`,`group`,`namespace`,`time`,`batch`) VALUES ('617', '2025-11-20-120000', 'App\\Database\\Migrations\\AddActorToPasswordResets', 'default', 'App', '1763895309', '1');
INSERT INTO `migrations` (`id`,`version`,`class`,`group`,`namespace`,`time`,`batch`) VALUES ('618', '20251121113000', 'App\\Database\\Migrations\\AddBalanceToBillings', 'default', 'App', '1763895309', '1');
INSERT INTO `migrations` (`id`,`version`,`class`,`group`,`namespace`,`time`,`batch`) VALUES ('619', '2025-11-21-113500', 'App\\Database\\Migrations\\AddIsInternalToChatMessages', 'default', 'App', '1763895309', '1');
INSERT INTO `migrations` (`id`,`version`,`class`,`group`,`namespace`,`time`,`batch`) VALUES ('620', '2025-11-21-230000', 'App\\Database\\Migrations\\AddAdminRecipientToChatMessages', 'default', 'App', '1763895309', '1');
INSERT INTO `migrations` (`id`,`version`,`class`,`group`,`namespace`,`time`,`batch`) VALUES ('621', '2025-11-23-000001', 'App\\Database\\Migrations\\CreateAdminChats', 'default', 'App', '1763895309', '1');

-- Table structure for `password_resets`
DROP TABLE IF EXISTS `password_resets`;
password_resets;


-- Table structure for `payment_settings`
DROP TABLE IF EXISTS `payment_settings`;
payment_settings;


-- Table structure for `payments`
DROP TABLE IF EXISTS `payments`;
payments;

INSERT INTO `payments` (`id`,`user_id`,`billing_id`,`payment_intent_id`,`payment_method_id`,`method`,`reference_number`,`admin_reference`,`receipt_image`,`amount`,`currency`,`status`,`expires_at`,`attempt_number`,`paid_at`,`created_at`,`updated_at`,`deleted_at`) VALUES ('1', '1', NULL, 'PI-1001', 'PM-123', 'gateway', 'GCASH-1001', NULL, NULL, '150', 'PHP', '', NULL, '1', '2025-11-23 18:55:20', '2025-11-23 18:55:20', '2025-11-23 18:55:20', NULL);
INSERT INTO `payments` (`id`,`user_id`,`billing_id`,`payment_intent_id`,`payment_method_id`,`method`,`reference_number`,`admin_reference`,`receipt_image`,`amount`,`currency`,`status`,`expires_at`,`attempt_number`,`paid_at`,`created_at`,`updated_at`,`deleted_at`) VALUES ('2', '3', NULL, 'intent_6922e81847231', 'method_6922e81847235', '', 'REF6922E81847238', 'ADMIN-OTC-6699', NULL, '500', 'PHP', '', NULL, '1', '2025-11-23 18:55:20', '2025-11-23 18:55:20', '2025-11-23 18:55:20', NULL);
INSERT INTO `payments` (`id`,`user_id`,`billing_id`,`payment_intent_id`,`payment_method_id`,`method`,`reference_number`,`admin_reference`,`receipt_image`,`amount`,`currency`,`status`,`expires_at`,`attempt_number`,`paid_at`,`created_at`,`updated_at`,`deleted_at`) VALUES ('3', '5', '5', 'intent_6922e81887682', 'method_6922e81887688', 'gateway', 'REF6922E8188768B', NULL, NULL, '465', 'PHP', 'paid', NULL, '1', '2025-11-23 18:55:20', '2025-11-23 18:55:20', '2025-11-23 18:55:20', NULL);
INSERT INTO `payments` (`id`,`user_id`,`billing_id`,`payment_intent_id`,`payment_method_id`,`method`,`reference_number`,`admin_reference`,`receipt_image`,`amount`,`currency`,`status`,`expires_at`,`attempt_number`,`paid_at`,`created_at`,`updated_at`,`deleted_at`) VALUES ('4', '7', '7', 'intent_6922e818c95f7', 'method_6922e818c95f9', 'gateway', 'REF6922E818C95FA', NULL, NULL, '383', 'PHP', 'paid', NULL, '1', '2025-11-23 18:55:20', '2025-11-23 18:55:20', '2025-11-23 18:55:20', NULL);
INSERT INTO `payments` (`id`,`user_id`,`billing_id`,`payment_intent_id`,`payment_method_id`,`method`,`reference_number`,`admin_reference`,`receipt_image`,`amount`,`currency`,`status`,`expires_at`,`attempt_number`,`paid_at`,`created_at`,`updated_at`,`deleted_at`) VALUES ('5', '8', '8', NULL, NULL, 'manual', 'REF6922E818E9DA6', 'CNT-20251123185520-885', NULL, '409', 'PHP', 'paid', NULL, '1', '2025-11-23 18:55:20', '2025-11-23 18:55:20', '2025-11-23 18:55:20', NULL);
INSERT INTO `payments` (`id`,`user_id`,`billing_id`,`payment_intent_id`,`payment_method_id`,`method`,`reference_number`,`admin_reference`,`receipt_image`,`amount`,`currency`,`status`,`expires_at`,`attempt_number`,`paid_at`,`created_at`,`updated_at`,`deleted_at`) VALUES ('6', '9', '9', NULL, NULL, 'manual', 'REF6922E819142A0', 'CNT-20251123185521-713', NULL, '484', 'PHP', 'paid', NULL, '1', '2025-11-23 18:55:21', '2025-11-23 18:55:21', '2025-11-23 18:55:21', NULL);
INSERT INTO `payments` (`id`,`user_id`,`billing_id`,`payment_intent_id`,`payment_method_id`,`method`,`reference_number`,`admin_reference`,`receipt_image`,`amount`,`currency`,`status`,`expires_at`,`attempt_number`,`paid_at`,`created_at`,`updated_at`,`deleted_at`) VALUES ('7', '10', '10', 'intent_6922e81935742', 'method_6922e81935745', 'gateway', 'REF6922E81935746', NULL, NULL, '464', 'PHP', 'paid', NULL, '1', '2025-11-23 18:55:21', '2025-11-23 18:55:21', '2025-11-23 18:55:21', NULL);
INSERT INTO `payments` (`id`,`user_id`,`billing_id`,`payment_intent_id`,`payment_method_id`,`method`,`reference_number`,`admin_reference`,`receipt_image`,`amount`,`currency`,`status`,`expires_at`,`attempt_number`,`paid_at`,`created_at`,`updated_at`,`deleted_at`) VALUES ('8', '12', '12', 'intent_6922e8197537b', 'method_6922e81975380', 'gateway', 'REF6922E81975382', NULL, NULL, '464', 'PHP', 'paid', NULL, '1', '2025-11-23 18:55:21', '2025-11-23 18:55:21', '2025-11-23 18:55:21', NULL);
INSERT INTO `payments` (`id`,`user_id`,`billing_id`,`payment_intent_id`,`payment_method_id`,`method`,`reference_number`,`admin_reference`,`receipt_image`,`amount`,`currency`,`status`,`expires_at`,`attempt_number`,`paid_at`,`created_at`,`updated_at`,`deleted_at`) VALUES ('9', '15', '15', NULL, NULL, 'manual', 'REF6922E819D3EF0', 'CNT-20251123185521-338', NULL, '441', 'PHP', 'paid', NULL, '1', '2025-11-23 18:55:21', '2025-11-23 18:55:21', '2025-11-23 18:55:21', NULL);
INSERT INTO `payments` (`id`,`user_id`,`billing_id`,`payment_intent_id`,`payment_method_id`,`method`,`reference_number`,`admin_reference`,`receipt_image`,`amount`,`currency`,`status`,`expires_at`,`attempt_number`,`paid_at`,`created_at`,`updated_at`,`deleted_at`) VALUES ('10', '19', '19', 'intent_6922e81a5f41b', 'method_6922e81a5f41e', 'gateway', 'REF6922E81A5F41F', NULL, NULL, '366', 'PHP', 'paid', NULL, '1', '2025-11-23 18:55:22', '2025-11-23 18:55:22', '2025-11-23 18:55:22', NULL);
INSERT INTO `payments` (`id`,`user_id`,`billing_id`,`payment_intent_id`,`payment_method_id`,`method`,`reference_number`,`admin_reference`,`receipt_image`,`amount`,`currency`,`status`,`expires_at`,`attempt_number`,`paid_at`,`created_at`,`updated_at`,`deleted_at`) VALUES ('11', '21', '21', 'intent_6922e81a9ad85', 'method_6922e81a9ad87', 'gateway', 'REF6922E81A9AD88', NULL, NULL, '444', 'PHP', 'paid', NULL, '1', '2025-11-23 18:55:22', '2025-11-23 18:55:22', '2025-11-23 18:55:22', NULL);
INSERT INTO `payments` (`id`,`user_id`,`billing_id`,`payment_intent_id`,`payment_method_id`,`method`,`reference_number`,`admin_reference`,`receipt_image`,`amount`,`currency`,`status`,`expires_at`,`attempt_number`,`paid_at`,`created_at`,`updated_at`,`deleted_at`) VALUES ('12', '22', '22', NULL, NULL, 'manual', 'REF6922E81AB954F', 'CNT-20251123185522-672', NULL, '420', 'PHP', 'paid', NULL, '1', '2025-11-23 18:55:22', '2025-11-23 18:55:22', '2025-11-23 18:55:22', NULL);
INSERT INTO `payments` (`id`,`user_id`,`billing_id`,`payment_intent_id`,`payment_method_id`,`method`,`reference_number`,`admin_reference`,`receipt_image`,`amount`,`currency`,`status`,`expires_at`,`attempt_number`,`paid_at`,`created_at`,`updated_at`,`deleted_at`) VALUES ('13', '28', '28', NULL, NULL, 'manual', 'REF6922E81B88181', 'CNT-20251123185523-659', NULL, '417', 'PHP', 'paid', NULL, '1', '2025-11-23 18:55:23', '2025-11-23 18:55:23', '2025-11-23 18:55:23', NULL);
INSERT INTO `payments` (`id`,`user_id`,`billing_id`,`payment_intent_id`,`payment_method_id`,`method`,`reference_number`,`admin_reference`,`receipt_image`,`amount`,`currency`,`status`,`expires_at`,`attempt_number`,`paid_at`,`created_at`,`updated_at`,`deleted_at`) VALUES ('14', '32', '32', 'intent_6922e81c1df40', 'method_6922e81c1df44', 'gateway', 'REF6922E81C1DF46', NULL, NULL, '409', 'PHP', 'paid', NULL, '1', '2025-11-23 18:55:24', '2025-11-23 18:55:24', '2025-11-23 18:55:24', NULL);
INSERT INTO `payments` (`id`,`user_id`,`billing_id`,`payment_intent_id`,`payment_method_id`,`method`,`reference_number`,`admin_reference`,`receipt_image`,`amount`,`currency`,`status`,`expires_at`,`attempt_number`,`paid_at`,`created_at`,`updated_at`,`deleted_at`) VALUES ('15', '33', '33', NULL, NULL, 'manual', 'REF6922E81C3D3B1', 'CNT-20251123185524-698', NULL, '417', 'PHP', 'pending', NULL, '1', NULL, '2025-11-23 18:55:24', '2025-11-23 18:55:24', NULL);
INSERT INTO `payments` (`id`,`user_id`,`billing_id`,`payment_intent_id`,`payment_method_id`,`method`,`reference_number`,`admin_reference`,`receipt_image`,`amount`,`currency`,`status`,`expires_at`,`attempt_number`,`paid_at`,`created_at`,`updated_at`,`deleted_at`) VALUES ('16', '36', '36', NULL, NULL, 'manual', 'REF6922E81C9EF23', 'CNT-20251123185524-883', NULL, '435', 'PHP', 'paid', NULL, '1', '2025-11-23 18:55:24', '2025-11-23 18:55:24', '2025-11-23 18:55:24', NULL);

-- Table structure for `service_reports`
DROP TABLE IF EXISTS `service_reports`;
service_reports;


-- Table structure for `super_admin`
DROP TABLE IF EXISTS `super_admin`;
super_admin;

INSERT INTO `super_admin` (`id`,`admin_code`,`email`,`password`,`created_at`,`updated_at`,`first_name`,`middle_name`,`last_name`,`otp_hash`,`otp_expires`,`is_primary`,`otp_failed_attempts`,`otp_locked_until`,`admin_code_used_at`,`must_change_password`) VALUES ('1', '$2y$10$KyfrssEoullRWkThwMcYf.KoxPiQBP54dLpWzWjoVk.7F4jlsIDnu', 'mikevidal689@gmail.com', '$2y$10$cTb4pdPMsB.VtZjbD504O.7fixBPLOlpbvdKCz5Q5ldpoEizBPFZ2', '2025-11-23 18:55:19', '2025-11-23 18:58:44', 'Mike Lorenz', 'Verial', 'Vidal', NULL, NULL, '0', '0', NULL, NULL, '0');

-- Table structure for `superadmin_actions`
DROP TABLE IF EXISTS `superadmin_actions`;
superadmin_actions;


-- Table structure for `user_information`
DROP TABLE IF EXISTS `user_information`;
user_information;

INSERT INTO `user_information` (`info_id`,`user_id`,`first_name`,`last_name`,`gender`,`age`,`family_number`,`phone`,`purok`,`barangay`,`municipality`,`province`,`zipcode`,`profile_picture`,`created_at`,`updated_at`) VALUES ('1', '1', 'Carlos', 'Reyes', 'Male', '30', '4', '09171234567', '2', 'San Juan', 'Bayawan', 'Negros Oriental', '3200', NULL, '2025-11-23 18:55:20', '2025-11-23 18:55:20');
INSERT INTO `user_information` (`info_id`,`user_id`,`first_name`,`last_name`,`gender`,`age`,`family_number`,`phone`,`purok`,`barangay`,`municipality`,`province`,`zipcode`,`profile_picture`,`created_at`,`updated_at`) VALUES ('2', '2', 'Maria', 'Santos', 'Female', '21', '1', '09987654321', '3', 'Poblacion', 'Bayawan', 'Negros Oriental', '3200', NULL, '2025-11-23 18:55:20', '2025-11-23 18:55:20');
INSERT INTO `user_information` (`info_id`,`user_id`,`first_name`,`last_name`,`gender`,`age`,`family_number`,`phone`,`purok`,`barangay`,`municipality`,`province`,`zipcode`,`profile_picture`,`created_at`,`updated_at`) VALUES ('3', '3', 'OTC', 'Paid', 'Male', '30', '3', '09123456789', '1', 'Borlongan', 'Dipaculao', 'Aurora', '3203', NULL, '2025-11-23 18:55:20', '2025-11-23 18:55:20');
INSERT INTO `user_information` (`info_id`,`user_id`,`first_name`,`last_name`,`gender`,`age`,`family_number`,`phone`,`purok`,`barangay`,`municipality`,`province`,`zipcode`,`profile_picture`,`created_at`,`updated_at`) VALUES ('4', '4', 'OTC', 'User', 'Male', '30', '3', '09123456789', '1', 'Borlongan', 'Dipaculao', 'Aurora', '3203', NULL, '2025-11-23 18:55:20', '2025-11-23 18:55:20');
INSERT INTO `user_information` (`info_id`,`user_id`,`first_name`,`last_name`,`gender`,`age`,`family_number`,`phone`,`purok`,`barangay`,`municipality`,`province`,`zipcode`,`profile_picture`,`created_at`,`updated_at`) VALUES ('5', '5', 'First11', 'Last11', 'Female', '37', '2', '09560975725', '1', 'Borlongan', 'Dipaculao', 'Aurora', '3203', NULL, '2025-11-23 18:55:20', '2025-11-23 18:55:20');
INSERT INTO `user_information` (`info_id`,`user_id`,`first_name`,`last_name`,`gender`,`age`,`family_number`,`phone`,`purok`,`barangay`,`municipality`,`province`,`zipcode`,`profile_picture`,`created_at`,`updated_at`) VALUES ('6', '6', 'First12', 'Last12', 'Male', '29', '6', '09987467937', '1', 'Borlongan', 'Dipaculao', 'Aurora', '3203', NULL, '2025-11-23 18:55:20', '2025-11-23 18:55:20');
INSERT INTO `user_information` (`info_id`,`user_id`,`first_name`,`last_name`,`gender`,`age`,`family_number`,`phone`,`purok`,`barangay`,`municipality`,`province`,`zipcode`,`profile_picture`,`created_at`,`updated_at`) VALUES ('7', '7', 'First13', 'Last13', 'Female', '50', '3', '09272608078', '1', 'Borlongan', 'Dipaculao', 'Aurora', '3203', NULL, '2025-11-23 18:55:20', '2025-11-23 18:55:20');
INSERT INTO `user_information` (`info_id`,`user_id`,`first_name`,`last_name`,`gender`,`age`,`family_number`,`phone`,`purok`,`barangay`,`municipality`,`province`,`zipcode`,`profile_picture`,`created_at`,`updated_at`) VALUES ('8', '8', 'First14', 'Last14', 'Female', '23', '5', '09441694647', '1', 'Borlongan', 'Dipaculao', 'Aurora', '3203', NULL, '2025-11-23 18:55:20', '2025-11-23 18:55:20');
INSERT INTO `user_information` (`info_id`,`user_id`,`first_name`,`last_name`,`gender`,`age`,`family_number`,`phone`,`purok`,`barangay`,`municipality`,`province`,`zipcode`,`profile_picture`,`created_at`,`updated_at`) VALUES ('9', '9', 'First15', 'Last15', 'Female', '35', '3', '09439629869', '1', 'Borlongan', 'Dipaculao', 'Aurora', '3203', NULL, '2025-11-23 18:55:21', '2025-11-23 18:55:21');
INSERT INTO `user_information` (`info_id`,`user_id`,`first_name`,`last_name`,`gender`,`age`,`family_number`,`phone`,`purok`,`barangay`,`municipality`,`province`,`zipcode`,`profile_picture`,`created_at`,`updated_at`) VALUES ('10', '10', 'First21', 'Last21', 'Male', '49', '6', '09529067349', '2', 'Borlongan', 'Dipaculao', 'Aurora', '3203', NULL, '2025-11-23 18:55:21', '2025-11-23 18:55:21');
INSERT INTO `user_information` (`info_id`,`user_id`,`first_name`,`last_name`,`gender`,`age`,`family_number`,`phone`,`purok`,`barangay`,`municipality`,`province`,`zipcode`,`profile_picture`,`created_at`,`updated_at`) VALUES ('11', '11', 'First22', 'Last22', 'Female', '28', '2', '09283149794', '2', 'Borlongan', 'Dipaculao', 'Aurora', '3203', NULL, '2025-11-23 18:55:21', '2025-11-23 18:55:21');
INSERT INTO `user_information` (`info_id`,`user_id`,`first_name`,`last_name`,`gender`,`age`,`family_number`,`phone`,`purok`,`barangay`,`municipality`,`province`,`zipcode`,`profile_picture`,`created_at`,`updated_at`) VALUES ('12', '12', 'First23', 'Last23', 'Female', '35', '5', '09378508690', '2', 'Borlongan', 'Dipaculao', 'Aurora', '3203', NULL, '2025-11-23 18:55:21', '2025-11-23 18:55:21');
INSERT INTO `user_information` (`info_id`,`user_id`,`first_name`,`last_name`,`gender`,`age`,`family_number`,`phone`,`purok`,`barangay`,`municipality`,`province`,`zipcode`,`profile_picture`,`created_at`,`updated_at`) VALUES ('13', '13', 'First24', 'Last24', 'Male', '20', '2', '09176537977', '2', 'Borlongan', 'Dipaculao', 'Aurora', '3203', NULL, '2025-11-23 18:55:21', '2025-11-23 18:55:21');
INSERT INTO `user_information` (`info_id`,`user_id`,`first_name`,`last_name`,`gender`,`age`,`family_number`,`phone`,`purok`,`barangay`,`municipality`,`province`,`zipcode`,`profile_picture`,`created_at`,`updated_at`) VALUES ('14', '14', 'First25', 'Last25', 'Female', '26', '6', '09129226843', '2', 'Borlongan', 'Dipaculao', 'Aurora', '3203', NULL, '2025-11-23 18:55:21', '2025-11-23 18:55:21');
INSERT INTO `user_information` (`info_id`,`user_id`,`first_name`,`last_name`,`gender`,`age`,`family_number`,`phone`,`purok`,`barangay`,`municipality`,`province`,`zipcode`,`profile_picture`,`created_at`,`updated_at`) VALUES ('15', '15', 'First31', 'Last31', 'Female', '22', '6', '09281440653', '3', 'Borlongan', 'Dipaculao', 'Aurora', '3203', NULL, '2025-11-23 18:55:21', '2025-11-23 18:55:21');
INSERT INTO `user_information` (`info_id`,`user_id`,`first_name`,`last_name`,`gender`,`age`,`family_number`,`phone`,`purok`,`barangay`,`municipality`,`province`,`zipcode`,`profile_picture`,`created_at`,`updated_at`) VALUES ('16', '16', 'First32', 'Last32', 'Female', '53', '2', '09140528683', '3', 'Borlongan', 'Dipaculao', 'Aurora', '3203', NULL, '2025-11-23 18:55:21', '2025-11-23 18:55:21');
INSERT INTO `user_information` (`info_id`,`user_id`,`first_name`,`last_name`,`gender`,`age`,`family_number`,`phone`,`purok`,`barangay`,`municipality`,`province`,`zipcode`,`profile_picture`,`created_at`,`updated_at`) VALUES ('17', '17', 'First33', 'Last33', 'Female', '58', '4', '09791006280', '3', 'Borlongan', 'Dipaculao', 'Aurora', '3203', NULL, '2025-11-23 18:55:22', '2025-11-23 18:55:22');
INSERT INTO `user_information` (`info_id`,`user_id`,`first_name`,`last_name`,`gender`,`age`,`family_number`,`phone`,`purok`,`barangay`,`municipality`,`province`,`zipcode`,`profile_picture`,`created_at`,`updated_at`) VALUES ('18', '18', 'First34', 'Last34', 'Female', '34', '2', '09871471119', '3', 'Borlongan', 'Dipaculao', 'Aurora', '3203', NULL, '2025-11-23 18:55:22', '2025-11-23 18:55:22');
INSERT INTO `user_information` (`info_id`,`user_id`,`first_name`,`last_name`,`gender`,`age`,`family_number`,`phone`,`purok`,`barangay`,`municipality`,`province`,`zipcode`,`profile_picture`,`created_at`,`updated_at`) VALUES ('19', '19', 'First35', 'Last35', 'Male', '36', '4', '09978280561', '3', 'Borlongan', 'Dipaculao', 'Aurora', '3203', NULL, '2025-11-23 18:55:22', '2025-11-23 18:55:22');
INSERT INTO `user_information` (`info_id`,`user_id`,`first_name`,`last_name`,`gender`,`age`,`family_number`,`phone`,`purok`,`barangay`,`municipality`,`province`,`zipcode`,`profile_picture`,`created_at`,`updated_at`) VALUES ('20', '20', 'First41', 'Last41', 'Male', '57', '4', '09673887627', '4', 'Borlongan', 'Dipaculao', 'Aurora', '3203', NULL, '2025-11-23 18:55:22', '2025-11-23 18:55:22');
INSERT INTO `user_information` (`info_id`,`user_id`,`first_name`,`last_name`,`gender`,`age`,`family_number`,`phone`,`purok`,`barangay`,`municipality`,`province`,`zipcode`,`profile_picture`,`created_at`,`updated_at`) VALUES ('21', '21', 'First42', 'Last42', 'Male', '59', '2', '09734913771', '4', 'Borlongan', 'Dipaculao', 'Aurora', '3203', NULL, '2025-11-23 18:55:22', '2025-11-23 18:55:22');
INSERT INTO `user_information` (`info_id`,`user_id`,`first_name`,`last_name`,`gender`,`age`,`family_number`,`phone`,`purok`,`barangay`,`municipality`,`province`,`zipcode`,`profile_picture`,`created_at`,`updated_at`) VALUES ('22', '22', 'First43', 'Last43', 'Female', '53', '4', '09887171008', '4', 'Borlongan', 'Dipaculao', 'Aurora', '3203', NULL, '2025-11-23 18:55:22', '2025-11-23 18:55:22');
INSERT INTO `user_information` (`info_id`,`user_id`,`first_name`,`last_name`,`gender`,`age`,`family_number`,`phone`,`purok`,`barangay`,`municipality`,`province`,`zipcode`,`profile_picture`,`created_at`,`updated_at`) VALUES ('23', '23', 'First44', 'Last44', 'Female', '57', '3', '09976622882', '4', 'Borlongan', 'Dipaculao', 'Aurora', '3203', NULL, '2025-11-23 18:55:22', '2025-11-23 18:55:22');
INSERT INTO `user_information` (`info_id`,`user_id`,`first_name`,`last_name`,`gender`,`age`,`family_number`,`phone`,`purok`,`barangay`,`municipality`,`province`,`zipcode`,`profile_picture`,`created_at`,`updated_at`) VALUES ('24', '24', 'First45', 'Last45', 'Female', '50', '3', '09741591524', '4', 'Borlongan', 'Dipaculao', 'Aurora', '3203', NULL, '2025-11-23 18:55:23', '2025-11-23 18:55:23');
INSERT INTO `user_information` (`info_id`,`user_id`,`first_name`,`last_name`,`gender`,`age`,`family_number`,`phone`,`purok`,`barangay`,`municipality`,`province`,`zipcode`,`profile_picture`,`created_at`,`updated_at`) VALUES ('25', '25', 'First51', 'Last51', 'Male', '21', '3', '09519470294', '5', 'Borlongan', 'Dipaculao', 'Aurora', '3203', NULL, '2025-11-23 18:55:23', '2025-11-23 18:55:23');
INSERT INTO `user_information` (`info_id`,`user_id`,`first_name`,`last_name`,`gender`,`age`,`family_number`,`phone`,`purok`,`barangay`,`municipality`,`province`,`zipcode`,`profile_picture`,`created_at`,`updated_at`) VALUES ('26', '26', 'First52', 'Last52', 'Male', '27', '4', '09404521191', '5', 'Borlongan', 'Dipaculao', 'Aurora', '3203', NULL, '2025-11-23 18:55:23', '2025-11-23 18:55:23');
INSERT INTO `user_information` (`info_id`,`user_id`,`first_name`,`last_name`,`gender`,`age`,`family_number`,`phone`,`purok`,`barangay`,`municipality`,`province`,`zipcode`,`profile_picture`,`created_at`,`updated_at`) VALUES ('27', '27', 'First53', 'Last53', 'Male', '60', '6', '09651076228', '5', 'Borlongan', 'Dipaculao', 'Aurora', '3203', NULL, '2025-11-23 18:55:23', '2025-11-23 18:55:23');
INSERT INTO `user_information` (`info_id`,`user_id`,`first_name`,`last_name`,`gender`,`age`,`family_number`,`phone`,`purok`,`barangay`,`municipality`,`province`,`zipcode`,`profile_picture`,`created_at`,`updated_at`) VALUES ('28', '28', 'First54', 'Last54', 'Male', '18', '2', '09789697795', '5', 'Borlongan', 'Dipaculao', 'Aurora', '3203', NULL, '2025-11-23 18:55:23', '2025-11-23 18:55:23');
INSERT INTO `user_information` (`info_id`,`user_id`,`first_name`,`last_name`,`gender`,`age`,`family_number`,`phone`,`purok`,`barangay`,`municipality`,`province`,`zipcode`,`profile_picture`,`created_at`,`updated_at`) VALUES ('29', '29', 'First55', 'Last55', 'Female', '28', '5', '09641841083', '5', 'Borlongan', 'Dipaculao', 'Aurora', '3203', NULL, '2025-11-23 18:55:23', '2025-11-23 18:55:23');
INSERT INTO `user_information` (`info_id`,`user_id`,`first_name`,`last_name`,`gender`,`age`,`family_number`,`phone`,`purok`,`barangay`,`municipality`,`province`,`zipcode`,`profile_picture`,`created_at`,`updated_at`) VALUES ('30', '30', 'First61', 'Last61', 'Female', '23', '5', '09675534014', '6', 'Borlongan', 'Dipaculao', 'Aurora', '3203', NULL, '2025-11-23 18:55:23', '2025-11-23 18:55:23');
INSERT INTO `user_information` (`info_id`,`user_id`,`first_name`,`last_name`,`gender`,`age`,`family_number`,`phone`,`purok`,`barangay`,`municipality`,`province`,`zipcode`,`profile_picture`,`created_at`,`updated_at`) VALUES ('31', '31', 'First62', 'Last62', 'Male', '26', '2', '09177400928', '6', 'Borlongan', 'Dipaculao', 'Aurora', '3203', NULL, '2025-11-23 18:55:23', '2025-11-23 18:55:23');
INSERT INTO `user_information` (`info_id`,`user_id`,`first_name`,`last_name`,`gender`,`age`,`family_number`,`phone`,`purok`,`barangay`,`municipality`,`province`,`zipcode`,`profile_picture`,`created_at`,`updated_at`) VALUES ('32', '32', 'First63', 'Last63', 'Male', '51', '5', '09167549545', '6', 'Borlongan', 'Dipaculao', 'Aurora', '3203', NULL, '2025-11-23 18:55:24', '2025-11-23 18:55:24');
INSERT INTO `user_information` (`info_id`,`user_id`,`first_name`,`last_name`,`gender`,`age`,`family_number`,`phone`,`purok`,`barangay`,`municipality`,`province`,`zipcode`,`profile_picture`,`created_at`,`updated_at`) VALUES ('33', '33', 'First64', 'Last64', 'Female', '23', '5', '09607604704', '6', 'Borlongan', 'Dipaculao', 'Aurora', '3203', NULL, '2025-11-23 18:55:24', '2025-11-23 18:55:24');
INSERT INTO `user_information` (`info_id`,`user_id`,`first_name`,`last_name`,`gender`,`age`,`family_number`,`phone`,`purok`,`barangay`,`municipality`,`province`,`zipcode`,`profile_picture`,`created_at`,`updated_at`) VALUES ('34', '34', 'First65', 'Last65', 'Male', '42', '4', '09733707326', '6', 'Borlongan', 'Dipaculao', 'Aurora', '3203', NULL, '2025-11-23 18:55:24', '2025-11-23 18:55:24');
INSERT INTO `user_information` (`info_id`,`user_id`,`first_name`,`last_name`,`gender`,`age`,`family_number`,`phone`,`purok`,`barangay`,`municipality`,`province`,`zipcode`,`profile_picture`,`created_at`,`updated_at`) VALUES ('35', '35', 'First71', 'Last71', 'Female', '54', '4', '09548370479', '7', 'Borlongan', 'Dipaculao', 'Aurora', '3203', NULL, '2025-11-23 18:55:24', '2025-11-23 18:55:24');
INSERT INTO `user_information` (`info_id`,`user_id`,`first_name`,`last_name`,`gender`,`age`,`family_number`,`phone`,`purok`,`barangay`,`municipality`,`province`,`zipcode`,`profile_picture`,`created_at`,`updated_at`) VALUES ('36', '36', 'First72', 'Last72', 'Female', '58', '5', '09455300554', '7', 'Borlongan', 'Dipaculao', 'Aurora', '3203', NULL, '2025-11-23 18:55:24', '2025-11-23 18:55:24');
INSERT INTO `user_information` (`info_id`,`user_id`,`first_name`,`last_name`,`gender`,`age`,`family_number`,`phone`,`purok`,`barangay`,`municipality`,`province`,`zipcode`,`profile_picture`,`created_at`,`updated_at`) VALUES ('37', '37', 'First73', 'Last73', 'Female', '52', '6', '09403171451', '7', 'Borlongan', 'Dipaculao', 'Aurora', '3203', NULL, '2025-11-23 18:55:24', '2025-11-23 18:55:24');
INSERT INTO `user_information` (`info_id`,`user_id`,`first_name`,`last_name`,`gender`,`age`,`family_number`,`phone`,`purok`,`barangay`,`municipality`,`province`,`zipcode`,`profile_picture`,`created_at`,`updated_at`) VALUES ('38', '38', 'First74', 'Last74', 'Female', '38', '6', '09728635040', '7', 'Borlongan', 'Dipaculao', 'Aurora', '3203', NULL, '2025-11-23 18:55:24', '2025-11-23 18:55:24');
INSERT INTO `user_information` (`info_id`,`user_id`,`first_name`,`last_name`,`gender`,`age`,`family_number`,`phone`,`purok`,`barangay`,`municipality`,`province`,`zipcode`,`profile_picture`,`created_at`,`updated_at`) VALUES ('39', '39', 'First75', 'Last75', 'Male', '25', '2', '09309884250', '7', 'Borlongan', 'Dipaculao', 'Aurora', '3203', NULL, '2025-11-23 18:55:25', '2025-11-23 18:55:25');

-- Table structure for `users`
DROP TABLE IF EXISTS `users`;
users;

INSERT INTO `users` (`id`,`email`,`password`,`active`,`status`,`is_verified`,`profile_complete`,`otp_code`,`otp_expires`,`created_at`,`updated_at`) VALUES ('1', 'user1@example.com', '$2y$10$7OIYLdX3BDiL7giN/NQt/etgENkg7rdhqSo5jMuJ/de5vsHZtoKPy', '0', 'pending', '1', '0', NULL, NULL, '2025-11-23 18:55:19', '2025-11-23 18:55:19');
INSERT INTO `users` (`id`,`email`,`password`,`active`,`status`,`is_verified`,`profile_complete`,`otp_code`,`otp_expires`,`created_at`,`updated_at`) VALUES ('2', 'user2@example.com', '$2y$10$UCvT8PMWci31hB7UXkNtwejdx639cjZ2JKYhOIv61w45kORAz2Zi6', '2', 'approved', '0', '0', NULL, NULL, '2025-11-23 18:55:20', '2025-11-23 18:55:20');
INSERT INTO `users` (`id`,`email`,`password`,`active`,`status`,`is_verified`,`profile_complete`,`otp_code`,`otp_expires`,`created_at`,`updated_at`) VALUES ('3', 'otcpaid@mail.com', '$2y$10$c1wb6UmoDdpMQVL3IMtG/O5U8vxeCS8KPSx72Y.fwBNgZ8jD8LAsq', '1', 'approved', '1', '1', NULL, NULL, '2025-11-23 18:55:20', '2025-11-23 18:55:20');
INSERT INTO `users` (`id`,`email`,`password`,`active`,`status`,`is_verified`,`profile_complete`,`otp_code`,`otp_expires`,`created_at`,`updated_at`) VALUES ('4', 'otcuser@mail.com', '$2y$10$Xi5lWf24a9/oKchJ2uU8x.sOhpDEtA5S4AtZE/uUfyda7UIlGT6s.', '1', 'approved', '1', '1', NULL, NULL, '2025-11-23 18:55:20', '2025-11-23 18:55:20');
INSERT INTO `users` (`id`,`email`,`password`,`active`,`status`,`is_verified`,`profile_complete`,`otp_code`,`otp_expires`,`created_at`,`updated_at`) VALUES ('5', 'user1_1@mail.com', '$2y$10$kaOu81FVg/uWMZwYvV8MKeJhfG833lJmaNHJtrTJhFyaJ91IKRGNu', '1', 'approved', '1', '1', NULL, NULL, '2025-11-23 18:55:20', '2025-11-23 18:55:20');
INSERT INTO `users` (`id`,`email`,`password`,`active`,`status`,`is_verified`,`profile_complete`,`otp_code`,`otp_expires`,`created_at`,`updated_at`) VALUES ('6', 'user1_2@mail.com', '$2y$10$Syk3gEQu7fsiVwrUAwyep.hffAESwHHzARmmo2NXvRI9rT/uPetE2', '1', 'approved', '1', '1', NULL, NULL, '2025-11-23 18:55:20', '2025-11-23 18:55:20');
INSERT INTO `users` (`id`,`email`,`password`,`active`,`status`,`is_verified`,`profile_complete`,`otp_code`,`otp_expires`,`created_at`,`updated_at`) VALUES ('7', 'user1_3@mail.com', '$2y$10$nA8CMC83CimCea3zicQIEOzRIM6JKLkg3cnUNUqBdC5htSqXI1rHm', '1', 'approved', '1', '1', NULL, NULL, '2025-11-23 18:55:20', '2025-11-23 18:55:20');
INSERT INTO `users` (`id`,`email`,`password`,`active`,`status`,`is_verified`,`profile_complete`,`otp_code`,`otp_expires`,`created_at`,`updated_at`) VALUES ('8', 'user1_4@mail.com', '$2y$10$FxMKT9tV8OPvNATiGStaWud8/FqMmdq6Qx.5jf/w2nwukKJc.EWEC', '1', 'approved', '1', '1', NULL, NULL, '2025-11-23 18:55:20', '2025-11-23 18:55:20');
INSERT INTO `users` (`id`,`email`,`password`,`active`,`status`,`is_verified`,`profile_complete`,`otp_code`,`otp_expires`,`created_at`,`updated_at`) VALUES ('9', 'user1_5@mail.com', '$2y$10$klISW4ompI5yf/Kz5oDit.CveJETnBxEvnkVCKUqS0yPBrdYBXuGO', '1', 'approved', '1', '1', NULL, NULL, '2025-11-23 18:55:21', '2025-11-23 18:55:21');
INSERT INTO `users` (`id`,`email`,`password`,`active`,`status`,`is_verified`,`profile_complete`,`otp_code`,`otp_expires`,`created_at`,`updated_at`) VALUES ('10', 'user2_1@mail.com', '$2y$10$U96d7C2UgBJK54a.5v1Y9.k1BYPEQPQb2EFTExC7Val3m/cfibqUO', '1', 'approved', '1', '1', NULL, NULL, '2025-11-23 18:55:21', '2025-11-23 18:55:21');
INSERT INTO `users` (`id`,`email`,`password`,`active`,`status`,`is_verified`,`profile_complete`,`otp_code`,`otp_expires`,`created_at`,`updated_at`) VALUES ('11', 'user2_2@mail.com', '$2y$10$cfEIkKE0RZPa0vaOL5EF9.zuF.yxzP.oLegBW3YXK4i99fTs1.5yG', '1', 'approved', '1', '1', NULL, NULL, '2025-11-23 18:55:21', '2025-11-23 18:55:21');
INSERT INTO `users` (`id`,`email`,`password`,`active`,`status`,`is_verified`,`profile_complete`,`otp_code`,`otp_expires`,`created_at`,`updated_at`) VALUES ('12', 'user2_3@mail.com', '$2y$10$kHltWZvnk1S6gV/9R5Url.q.McTMj5itdeRZ4AN4.wyPCJGrnrcvK', '1', 'approved', '1', '1', NULL, NULL, '2025-11-23 18:55:21', '2025-11-23 18:55:21');
INSERT INTO `users` (`id`,`email`,`password`,`active`,`status`,`is_verified`,`profile_complete`,`otp_code`,`otp_expires`,`created_at`,`updated_at`) VALUES ('13', 'user2_4@mail.com', '$2y$10$fSKnqgv3TG3vlxSUbwbZWOXwh407aSOqV/jn7N8Eksnaazh0Ltelm', '1', 'approved', '1', '1', NULL, NULL, '2025-11-23 18:55:21', '2025-11-23 18:55:21');
INSERT INTO `users` (`id`,`email`,`password`,`active`,`status`,`is_verified`,`profile_complete`,`otp_code`,`otp_expires`,`created_at`,`updated_at`) VALUES ('14', 'user2_5@mail.com', '$2y$10$1M.r8n/kFC.Yz8FXgJuFfeLySg1i1SrFhJ7nzjOiejXKCqDblggnu', '1', 'approved', '1', '1', NULL, NULL, '2025-11-23 18:55:21', '2025-11-23 18:55:21');
INSERT INTO `users` (`id`,`email`,`password`,`active`,`status`,`is_verified`,`profile_complete`,`otp_code`,`otp_expires`,`created_at`,`updated_at`) VALUES ('15', 'user3_1@mail.com', '$2y$10$2KmNIqKYdEMaXq/dXU2Ghup6BreW9yXQcFGUg9zlBjeuvSYJxrxCa', '1', 'approved', '1', '1', NULL, NULL, '2025-11-23 18:55:21', '2025-11-23 18:55:21');
INSERT INTO `users` (`id`,`email`,`password`,`active`,`status`,`is_verified`,`profile_complete`,`otp_code`,`otp_expires`,`created_at`,`updated_at`) VALUES ('16', 'user3_2@mail.com', '$2y$10$IkKo66kA.oF7WqJy6Yc2pussAeQrgSNw7iQFKtj0nGF.UjoMvIVdK', '1', 'approved', '1', '1', NULL, NULL, '2025-11-23 18:55:21', '2025-11-23 18:55:21');
INSERT INTO `users` (`id`,`email`,`password`,`active`,`status`,`is_verified`,`profile_complete`,`otp_code`,`otp_expires`,`created_at`,`updated_at`) VALUES ('17', 'user3_3@mail.com', '$2y$10$genD1HyKlfWoT3XsNx2UH.Eerfei5hk/IFhyGyP1EfTYscbsVTBTG', '1', 'approved', '1', '1', NULL, NULL, '2025-11-23 18:55:22', '2025-11-23 18:55:22');
INSERT INTO `users` (`id`,`email`,`password`,`active`,`status`,`is_verified`,`profile_complete`,`otp_code`,`otp_expires`,`created_at`,`updated_at`) VALUES ('18', 'user3_4@mail.com', '$2y$10$fh.JlsbOoPa8kRv1Tldot.vNkU2JB9K87eJTyVUz2oUEJkBJ67wsa', '1', 'approved', '1', '1', NULL, NULL, '2025-11-23 18:55:22', '2025-11-23 18:55:22');
INSERT INTO `users` (`id`,`email`,`password`,`active`,`status`,`is_verified`,`profile_complete`,`otp_code`,`otp_expires`,`created_at`,`updated_at`) VALUES ('19', 'user3_5@mail.com', '$2y$10$0cCoWw0s96dKdXzE.Ti8PedoonAO/fq5kT47872tNXQLrchuvDdXG', '1', 'approved', '1', '1', NULL, NULL, '2025-11-23 18:55:22', '2025-11-23 18:55:22');
INSERT INTO `users` (`id`,`email`,`password`,`active`,`status`,`is_verified`,`profile_complete`,`otp_code`,`otp_expires`,`created_at`,`updated_at`) VALUES ('20', 'user4_1@mail.com', '$2y$10$OpUsan5waawuOJKpf2RTOe4PAJHM5QWr3p8cLGOJD0eSi2v1ukeDu', '1', 'approved', '1', '1', NULL, NULL, '2025-11-23 18:55:22', '2025-11-23 18:55:22');
INSERT INTO `users` (`id`,`email`,`password`,`active`,`status`,`is_verified`,`profile_complete`,`otp_code`,`otp_expires`,`created_at`,`updated_at`) VALUES ('21', 'user4_2@mail.com', '$2y$10$1Sw0kfrqfOQHOAYMMzxXE.Us7GjY5kmtNKWRLbWmgyeglNed4ZweS', '1', 'approved', '1', '1', NULL, NULL, '2025-11-23 18:55:22', '2025-11-23 18:55:22');
INSERT INTO `users` (`id`,`email`,`password`,`active`,`status`,`is_verified`,`profile_complete`,`otp_code`,`otp_expires`,`created_at`,`updated_at`) VALUES ('22', 'user4_3@mail.com', '$2y$10$wKA5XPtXiUxRerEx.ujWcuJHZOBkgCAuMr60BYLKJ.23YAnz4w4Tm', '1', 'approved', '1', '1', NULL, NULL, '2025-11-23 18:55:22', '2025-11-23 18:55:22');
INSERT INTO `users` (`id`,`email`,`password`,`active`,`status`,`is_verified`,`profile_complete`,`otp_code`,`otp_expires`,`created_at`,`updated_at`) VALUES ('23', 'user4_4@mail.com', '$2y$10$rQqvU6UkbMq8L.SbkQUT6.rah7TuAp3KFIE9pcAydzee7D6.5MFP6', '1', 'approved', '1', '1', NULL, NULL, '2025-11-23 18:55:22', '2025-11-23 18:55:22');
INSERT INTO `users` (`id`,`email`,`password`,`active`,`status`,`is_verified`,`profile_complete`,`otp_code`,`otp_expires`,`created_at`,`updated_at`) VALUES ('24', 'user4_5@mail.com', '$2y$10$KOVCKCYZvjI5xNZDBLSxnu80u3ZMCkJKd/5F/y2pwNiqMVB6y.e5C', '1', 'approved', '1', '1', NULL, NULL, '2025-11-23 18:55:22', '2025-11-23 18:55:22');
INSERT INTO `users` (`id`,`email`,`password`,`active`,`status`,`is_verified`,`profile_complete`,`otp_code`,`otp_expires`,`created_at`,`updated_at`) VALUES ('25', 'user5_1@mail.com', '$2y$10$QTzflYKesoJ9IsG7UfmgjeqEVB1.qFxYkeRSSpPyTgN3AYcydLbuG', '1', 'approved', '1', '1', NULL, NULL, '2025-11-23 18:55:23', '2025-11-23 18:55:23');
INSERT INTO `users` (`id`,`email`,`password`,`active`,`status`,`is_verified`,`profile_complete`,`otp_code`,`otp_expires`,`created_at`,`updated_at`) VALUES ('26', 'user5_2@mail.com', '$2y$10$ROOSHeCl8QEGCSKHUPmO8.jmtwHZTsVoXSTSjBXSRnjMsmHEFvnoy', '1', 'approved', '1', '1', NULL, NULL, '2025-11-23 18:55:23', '2025-11-23 18:55:23');
INSERT INTO `users` (`id`,`email`,`password`,`active`,`status`,`is_verified`,`profile_complete`,`otp_code`,`otp_expires`,`created_at`,`updated_at`) VALUES ('27', 'user5_3@mail.com', '$2y$10$/aIRLHl4U/a.6RiIUFfjP../4q5kurOEqFTy6rbErdzWpcyVdhpU6', '1', 'approved', '1', '1', NULL, NULL, '2025-11-23 18:55:23', '2025-11-23 18:55:23');
INSERT INTO `users` (`id`,`email`,`password`,`active`,`status`,`is_verified`,`profile_complete`,`otp_code`,`otp_expires`,`created_at`,`updated_at`) VALUES ('28', 'user5_4@mail.com', '$2y$10$MXx9N6DJqg29fJRtwG1UROdixFyOEQ1iUABOm6uyOSCrNJ7tZq00y', '1', 'approved', '1', '1', NULL, NULL, '2025-11-23 18:55:23', '2025-11-23 18:55:23');
INSERT INTO `users` (`id`,`email`,`password`,`active`,`status`,`is_verified`,`profile_complete`,`otp_code`,`otp_expires`,`created_at`,`updated_at`) VALUES ('29', 'user5_5@mail.com', '$2y$10$yDJR4HrRSLNEaFb/LmX.gOkZPzBhU0nxh2wrlDE7QIElOIKNZoFea', '1', 'approved', '1', '1', NULL, NULL, '2025-11-23 18:55:23', '2025-11-23 18:55:23');
INSERT INTO `users` (`id`,`email`,`password`,`active`,`status`,`is_verified`,`profile_complete`,`otp_code`,`otp_expires`,`created_at`,`updated_at`) VALUES ('30', 'user6_1@mail.com', '$2y$10$eXfqQrmPjukqvo7vufn1IekZyO4jkxozfgttHz8g0OlM4jeGNaX2q', '1', 'approved', '1', '1', NULL, NULL, '2025-11-23 18:55:23', '2025-11-23 18:55:23');
INSERT INTO `users` (`id`,`email`,`password`,`active`,`status`,`is_verified`,`profile_complete`,`otp_code`,`otp_expires`,`created_at`,`updated_at`) VALUES ('31', 'user6_2@mail.com', '$2y$10$8exF/LeiYwehGB4nNPt5WeSmAi7GWJFiiHLEfrpxvgAVJf/8jZWyG', '1', 'approved', '1', '1', NULL, NULL, '2025-11-23 18:55:23', '2025-11-23 18:55:23');
INSERT INTO `users` (`id`,`email`,`password`,`active`,`status`,`is_verified`,`profile_complete`,`otp_code`,`otp_expires`,`created_at`,`updated_at`) VALUES ('32', 'user6_3@mail.com', '$2y$10$Kcxyf2MlSNtPDRWXzugtWO6DL81HcuX4omSxctKBhUsgZ7xVdygJ6', '1', 'approved', '1', '1', NULL, NULL, '2025-11-23 18:55:24', '2025-11-23 18:55:24');
INSERT INTO `users` (`id`,`email`,`password`,`active`,`status`,`is_verified`,`profile_complete`,`otp_code`,`otp_expires`,`created_at`,`updated_at`) VALUES ('33', 'user6_4@mail.com', '$2y$10$1MUTZ/E/eYADCLYV2qu3O.LcklLx.3Kx5Hf756bPxaUNpcUU8h74y', '1', 'approved', '1', '1', NULL, NULL, '2025-11-23 18:55:24', '2025-11-23 18:55:24');
INSERT INTO `users` (`id`,`email`,`password`,`active`,`status`,`is_verified`,`profile_complete`,`otp_code`,`otp_expires`,`created_at`,`updated_at`) VALUES ('34', 'user6_5@mail.com', '$2y$10$hw8I1DjNxoYRLwECsTsVOOgs.bMLJbCA.J5WvIYVWZHClSwfFj.0a', '1', 'approved', '1', '1', NULL, NULL, '2025-11-23 18:55:24', '2025-11-23 18:55:24');
INSERT INTO `users` (`id`,`email`,`password`,`active`,`status`,`is_verified`,`profile_complete`,`otp_code`,`otp_expires`,`created_at`,`updated_at`) VALUES ('35', 'user7_1@mail.com', '$2y$10$T7j5xj1if7ka3c1US8OeV.Wm2dKVhkvG02rNlxo8UpGY0kSpMU6yq', '1', 'approved', '1', '1', NULL, NULL, '2025-11-23 18:55:24', '2025-11-23 18:55:24');
INSERT INTO `users` (`id`,`email`,`password`,`active`,`status`,`is_verified`,`profile_complete`,`otp_code`,`otp_expires`,`created_at`,`updated_at`) VALUES ('36', 'user7_2@mail.com', '$2y$10$XHN41mW0R8HhKGTYfShim.X31Q0IH9cB6sZ4ZPwfwZQkivuGDJloi', '1', 'approved', '1', '1', NULL, NULL, '2025-11-23 18:55:24', '2025-11-23 18:55:24');
INSERT INTO `users` (`id`,`email`,`password`,`active`,`status`,`is_verified`,`profile_complete`,`otp_code`,`otp_expires`,`created_at`,`updated_at`) VALUES ('37', 'user7_3@mail.com', '$2y$10$mVa5yjVJDzThsihkP.FKOezBeMiqZyo9NZcZaO6wKJPo0kEyTsaBm', '1', 'approved', '1', '1', NULL, NULL, '2025-11-23 18:55:24', '2025-11-23 18:55:24');
INSERT INTO `users` (`id`,`email`,`password`,`active`,`status`,`is_verified`,`profile_complete`,`otp_code`,`otp_expires`,`created_at`,`updated_at`) VALUES ('38', 'user7_4@mail.com', '$2y$10$WubAN5F.Z0FPhrrgqRQLw.Amozii.Pwso6ncF.VA.XwIU0hd7TuoK', '1', 'approved', '1', '1', NULL, NULL, '2025-11-23 18:55:24', '2025-11-23 18:55:24');
INSERT INTO `users` (`id`,`email`,`password`,`active`,`status`,`is_verified`,`profile_complete`,`otp_code`,`otp_expires`,`created_at`,`updated_at`) VALUES ('39', 'user7_5@mail.com', '$2y$10$8UiiMtu37Z/RN.ZDzD3KGeOwRuFdo9R0DVqlS90GSyGWjsrqJW3nq', '1', 'approved', '1', '1', NULL, NULL, '2025-11-23 18:55:25', '2025-11-23 18:55:25');

