[{"id":"595","version":"2025-08-21-084947","class":"App\\Database\\Migrations\\CreateUsersTable","group":"default","namespace":"App","time":"1763895309","batch":"1"},
{"id":"596","version":"2025-09-06-080639","class":"App\\Database\\Migrations\\CreateBillingTable","group":"default","namespace":"App","time":"1763895309","batch":"1"},
{"id":"597","version":"2025-09-06-080934","class":"App\\Database\\Migrations\\CreateAdminTable","group":"default","namespace":"App","time":"1763895309","batch":"1"},
{"id":"598","version":"2025-09-13-070656","class":"App\\Database\\Migrations\\CreateServiceReportsTable","group":"default","namespace":"App","time":"1763895309","batch":"1"},
{"id":"599","version":"2025-09-21-095332","class":"App\\Database\\Migrations\\CreateUserInformation","group":"default","namespace":"App","time":"1763895309","batch":"1"},
{"id":"600","version":"2025-09-22-123400","class":"App\\Database\\Migrations\\CreatePasswordResetTable","group":"default","namespace":"App","time":"1763895309","batch":"1"},
{"id":"601","version":"2025-10-02-110152","class":"App\\Database\\Migrations\\CreateSuperAdminTable","group":"default","namespace":"App","time":"1763895309","batch":"1"},
{"id":"602","version":"2025-10-04-161829","class":"App\\Database\\Migrations\\AddDescriptionToBillings","group":"default","namespace":"App","time":"1763895309","batch":"1"},
{"id":"603","version":"2025-10-08-095645","class":"App\\Database\\Migrations\\CreatePaymentsTable","group":"default","namespace":"App","time":"1763895309","batch":"1"},
{"id":"604","version":"2025-11-11-074803","class":"App\\Database\\Migrations\\CreateGcashSettingsTable","group":"default","namespace":"App","time":"1763895309","batch":"1"},
{"id":"605","version":"2025-11-16-000001","class":"App\\Database\\Migrations\\CreateAdminArchivedTable","group":"default","namespace":"App","time":"1763895309","batch":"1"},
{"id":"606","version":"2025-11-16-000010","class":"App\\Database\\Migrations\\CreateAdminActivityLogs","group":"default","namespace":"App","time":"1763895309","batch":"1"},
{"id":"607","version":"2025-11-16-120000","class":"App\\Database\\Migrations\\AddInactiveUsersAndArchivedBillings","group":"default","namespace":"App","time":"1763895309","batch":"1"},
{"id":"608","version":"2025-11-18-020000","class":"App\\Database\\Migrations\\AddUniqueIndexToInactiveUsers","group":"default","namespace":"App","time":"1763895309","batch":"1"},
{"id":"609","version":"2025-11-18-120000","class":"App\\Database\\Migrations\\AddNamesToSuperAdmin","group":"default","namespace":"App","time":"1763895309","batch":"1"},
{"id":"610","version":"2025-11-18-220001","class":"App\\Database\\Migrations\\AddSuperadminOtpAndFlags","group":"default","namespace":"App","time":"1763895309","batch":"1"},
{"id":"611","version":"2025-11-18-220002","class":"App\\Database\\Migrations\\AddSuperadminSecurityFields","group":"default","namespace":"App","time":"1763895309","batch":"1"},
{"id":"612","version":"2025-11-18-220003","class":"App\\Database\\Migrations\\CreateSuperadminActions","group":"default","namespace":"App","time":"1763895309","batch":"1"},
{"id":"613","version":"2025-11-18-220004","class":"App\\Database\\Migrations\\AddAdminCodeUsedAt","group":"default","namespace":"App","time":"1763895309","batch":"1"},
{"id":"614","version":"2025-11-19-000001","class":"App\\Database\\Migrations\\CreateChatMessages","group":"default","namespace":"App","time":"1763895309","batch":"1"},
{"id":"615","version":"2025-11-19-000002","class":"App\\Database\\Migrations\\AddUserNameToChatMessages","group":"default","namespace":"App","time":"1763895309","batch":"1"},
{"id":"616","version":"2025-11-20-000001","class":"App\\Database\\Migrations\\AddMustChangePassword","group":"default","namespace":"App","time":"1763895309","batch":"1"},
{"id":"617","version":"2025-11-20-120000","class":"App\\Database\\Migrations\\AddActorToPasswordResets","group":"default","namespace":"App","time":"1763895309","batch":"1"},
{"id":"618","version":"20251121113000","class":"App\\Database\\Migrations\\AddBalanceToBillings","group":"default","namespace":"App","time":"1763895309","batch":"1"},
{"id":"619","version":"2025-11-21-113500","class":"App\\Database\\Migrations\\AddIsInternalToChatMessages","group":"default","namespace":"App","time":"1763895309","batch":"1"},
{"id":"620","version":"2025-11-21-230000","class":"App\\Database\\Migrations\\AddAdminRecipientToChatMessages","group":"default","namespace":"App","time":"1763895309","batch":"1"},
{"id":"621","version":"2025-11-23-000001","class":"App\\Database\\Migrations\\CreateAdminChats","group":"default","namespace":"App","time":"1763895309","batch":"1"}]