[{"id":"1","user_id":"1","billing_id":null,"payment_intent_id":"PI-1001","payment_method_id":"PM-123","method":"gateway","reference_number":"GCASH-1001","admin_reference":null,"receipt_image":null,"amount":"150","currency":"PHP","status":"","expires_at":null,"attempt_number":"1","paid_at":"2025-11-23 18:55:20","created_at":"2025-11-23 18:55:20","updated_at":"2025-11-23 18:55:20","deleted_at":null},
{"id":"2","user_id":"3","billing_id":null,"payment_intent_id":"intent_6922e81847231","payment_method_id":"method_6922e81847235","method":"","reference_number":"REF6922E81847238","admin_reference":"ADMIN-OTC-6699","receipt_image":null,"amount":"500","currency":"PHP","status":"","expires_at":null,"attempt_number":"1","paid_at":"2025-11-23 18:55:20","created_at":"2025-11-23 18:55:20","updated_at":"2025-11-23 18:55:20","deleted_at":null},
{"id":"3","user_id":"5","billing_id":"5","payment_intent_id":"intent_6922e81887682","payment_method_id":"method_6922e81887688","method":"gateway","reference_number":"REF6922E8188768B","admin_reference":null,"receipt_image":null,"amount":"465","currency":"PHP","status":"paid","expires_at":null,"attempt_number":"1","paid_at":"2025-11-23 18:55:20","created_at":"2025-11-23 18:55:20","updated_at":"2025-11-23 18:55:20","deleted_at":null},
{"id":"4","user_id":"7","billing_id":"7","payment_intent_id":"intent_6922e818c95f7","payment_method_id":"method_6922e818c95f9","method":"gateway","reference_number":"REF6922E818C95FA","admin_reference":null,"receipt_image":null,"amount":"383","currency":"PHP","status":"paid","expires_at":null,"attempt_number":"1","paid_at":"2025-11-23 18:55:20","created_at":"2025-11-23 18:55:20","updated_at":"2025-11-23 18:55:20","deleted_at":null},
{"id":"5","user_id":"8","billing_id":"8","payment_intent_id":null,"payment_method_id":null,"method":"manual","reference_number":"REF6922E818E9DA6","admin_reference":"CNT-20251123185520-885","receipt_image":null,"amount":"409","currency":"PHP","status":"paid","expires_at":null,"attempt_number":"1","paid_at":"2025-11-23 18:55:20","created_at":"2025-11-23 18:55:20","updated_at":"2025-11-23 18:55:20","deleted_at":null},
{"id":"6","user_id":"9","billing_id":"9","payment_intent_id":null,"payment_method_id":null,"method":"manual","reference_number":"REF6922E819142A0","admin_reference":"CNT-20251123185521-713","receipt_image":null,"amount":"484","currency":"PHP","status":"paid","expires_at":null,"attempt_number":"1","paid_at":"2025-11-23 18:55:21","created_at":"2025-11-23 18:55:21","updated_at":"2025-11-23 18:55:21","deleted_at":null},
{"id":"7","user_id":"10","billing_id":"10","payment_intent_id":"intent_6922e81935742","payment_method_id":"method_6922e81935745","method":"gateway","reference_number":"REF6922E81935746","admin_reference":null,"receipt_image":null,"amount":"464","currency":"PHP","status":"paid","expires_at":null,"attempt_number":"1","paid_at":"2025-11-23 18:55:21","created_at":"2025-11-23 18:55:21","updated_at":"2025-11-23 18:55:21","deleted_at":null},
{"id":"8","user_id":"12","billing_id":"12","payment_intent_id":"intent_6922e8197537b","payment_method_id":"method_6922e81975380","method":"gateway","reference_number":"REF6922E81975382","admin_reference":null,"receipt_image":null,"amount":"464","currency":"PHP","status":"paid","expires_at":null,"attempt_number":"1","paid_at":"2025-11-23 18:55:21","created_at":"2025-11-23 18:55:21","updated_at":"2025-11-23 18:55:21","deleted_at":null},
{"id":"9","user_id":"15","billing_id":"15","payment_intent_id":null,"payment_method_id":null,"method":"manual","reference_number":"REF6922E819D3EF0","admin_reference":"CNT-20251123185521-338","receipt_image":null,"amount":"441","currency":"PHP","status":"paid","expires_at":null,"attempt_number":"1","paid_at":"2025-11-23 18:55:21","created_at":"2025-11-23 18:55:21","updated_at":"2025-11-23 18:55:21","deleted_at":null},
{"id":"10","user_id":"19","billing_id":"19","payment_intent_id":"intent_6922e81a5f41b","payment_method_id":"method_6922e81a5f41e","method":"gateway","reference_number":"REF6922E81A5F41F","admin_reference":null,"receipt_image":null,"amount":"366","currency":"PHP","status":"paid","expires_at":null,"attempt_number":"1","paid_at":"2025-11-23 18:55:22","created_at":"2025-11-23 18:55:22","updated_at":"2025-11-23 18:55:22","deleted_at":null},
{"id":"11","user_id":"21","billing_id":"21","payment_intent_id":"intent_6922e81a9ad85","payment_method_id":"method_6922e81a9ad87","method":"gateway","reference_number":"REF6922E81A9AD88","admin_reference":null,"receipt_image":null,"amount":"444","currency":"PHP","status":"paid","expires_at":null,"attempt_number":"1","paid_at":"2025-11-23 18:55:22","created_at":"2025-11-23 18:55:22","updated_at":"2025-11-23 18:55:22","deleted_at":null},
{"id":"12","user_id":"22","billing_id":"22","payment_intent_id":null,"payment_method_id":null,"method":"manual","reference_number":"REF6922E81AB954F","admin_reference":"CNT-20251123185522-672","receipt_image":null,"amount":"420","currency":"PHP","status":"paid","expires_at":null,"attempt_number":"1","paid_at":"2025-11-23 18:55:22","created_at":"2025-11-23 18:55:22","updated_at":"2025-11-23 18:55:22","deleted_at":null},
{"id":"13","user_id":"28","billing_id":"28","payment_intent_id":null,"payment_method_id":null,"method":"manual","reference_number":"REF6922E81B88181","admin_reference":"CNT-20251123185523-659","receipt_image":null,"amount":"417","currency":"PHP","status":"paid","expires_at":null,"attempt_number":"1","paid_at":"2025-11-23 18:55:23","created_at":"2025-11-23 18:55:23","updated_at":"2025-11-23 18:55:23","deleted_at":null},
{"id":"14","user_id":"32","billing_id":"32","payment_intent_id":"intent_6922e81c1df40","payment_method_id":"method_6922e81c1df44","method":"gateway","reference_number":"REF6922E81C1DF46","admin_reference":null,"receipt_image":null,"amount":"409","currency":"PHP","status":"paid","expires_at":null,"attempt_number":"1","paid_at":"2025-11-23 18:55:24","created_at":"2025-11-23 18:55:24","updated_at":"2025-11-23 18:55:24","deleted_at":null},
{"id":"15","user_id":"33","billing_id":"33","payment_intent_id":null,"payment_method_id":null,"method":"manual","reference_number":"REF6922E81C3D3B1","admin_reference":"CNT-20251123185524-698","receipt_image":null,"amount":"417","currency":"PHP","status":"pending","expires_at":null,"attempt_number":"1","paid_at":null,"created_at":"2025-11-23 18:55:24","updated_at":"2025-11-23 18:55:24","deleted_at":null},
{"id":"16","user_id":"36","billing_id":"36","payment_intent_id":null,"payment_method_id":null,"method":"manual","reference_number":"REF6922E81C9EF23","admin_reference":"CNT-20251123185524-883","receipt_image":null,"amount":"435","currency":"PHP","status":"paid","expires_at":null,"attempt_number":"1","paid_at":"2025-11-23 18:55:24","created_at":"2025-11-23 18:55:24","updated_at":"2025-11-23 18:55:24","deleted_at":null}]