[{"info_id":"1","user_id":"1","first_name":"Carlos","last_name":"Reyes","gender":"Male","age":"30","family_number":"4","phone":"09171234567","purok":"2","barangay":"San Juan","municipality":"Bayawan","province":"Negros Oriental","zipcode":"3200","profile_picture":null,"created_at":"2025-11-23 18:55:20","updated_at":"2025-11-23 18:55:20"},
{"info_id":"2","user_id":"2","first_name":"Maria","last_name":"Santos","gender":"Female","age":"21","family_number":"1","phone":"09987654321","purok":"3","barangay":"Poblacion","municipality":"Bayawan","province":"Negros Oriental","zipcode":"3200","profile_picture":null,"created_at":"2025-11-23 18:55:20","updated_at":"2025-11-23 18:55:20"},
{"info_id":"3","user_id":"3","first_name":"OTC","last_name":"Paid","gender":"Male","age":"30","family_number":"3","phone":"09123456789","purok":"1","barangay":"Borlongan","municipality":"Dipaculao","province":"Aurora","zipcode":"3203","profile_picture":null,"created_at":"2025-11-23 18:55:20","updated_at":"2025-11-23 18:55:20"},
{"info_id":"4","user_id":"4","first_name":"OTC","last_name":"User","gender":"Male","age":"30","family_number":"3","phone":"09123456789","purok":"1","barangay":"Borlongan","municipality":"Dipaculao","province":"Aurora","zipcode":"3203","profile_picture":null,"created_at":"2025-11-23 18:55:20","updated_at":"2025-11-23 18:55:20"},
{"info_id":"5","user_id":"5","first_name":"First11","last_name":"Last11","gender":"Female","age":"37","family_number":"2","phone":"09560975725","purok":"1","barangay":"Borlongan","municipality":"Dipaculao","province":"Aurora","zipcode":"3203","profile_picture":null,"created_at":"2025-11-23 18:55:20","updated_at":"2025-11-23 18:55:20"},
{"info_id":"6","user_id":"6","first_name":"First12","last_name":"Last12","gender":"Male","age":"29","family_number":"6","phone":"09987467937","purok":"1","barangay":"Borlongan","municipality":"Dipaculao","province":"Aurora","zipcode":"3203","profile_picture":null,"created_at":"2025-11-23 18:55:20","updated_at":"2025-11-23 18:55:20"},
{"info_id":"7","user_id":"7","first_name":"First13","last_name":"Last13","gender":"Female","age":"50","family_number":"3","phone":"09272608078","purok":"1","barangay":"Borlongan","municipality":"Dipaculao","province":"Aurora","zipcode":"3203","profile_picture":null,"created_at":"2025-11-23 18:55:20","updated_at":"2025-11-23 18:55:20"},
{"info_id":"8","user_id":"8","first_name":"First14","last_name":"Last14","gender":"Female","age":"23","family_number":"5","phone":"09441694647","purok":"1","barangay":"Borlongan","municipality":"Dipaculao","province":"Aurora","zipcode":"3203","profile_picture":null,"created_at":"2025-11-23 18:55:20","updated_at":"2025-11-23 18:55:20"},
{"info_id":"9","user_id":"9","first_name":"First15","last_name":"Last15","gender":"Female","age":"35","family_number":"3","phone":"09439629869","purok":"1","barangay":"Borlongan","municipality":"Dipaculao","province":"Aurora","zipcode":"3203","profile_picture":null,"created_at":"2025-11-23 18:55:21","updated_at":"2025-11-23 18:55:21"},
{"info_id":"10","user_id":"10","first_name":"First21","last_name":"Last21","gender":"Male","age":"49","family_number":"6","phone":"09529067349","purok":"2","barangay":"Borlongan","municipality":"Dipaculao","province":"Aurora","zipcode":"3203","profile_picture":null,"created_at":"2025-11-23 18:55:21","updated_at":"2025-11-23 18:55:21"},
{"info_id":"11","user_id":"11","first_name":"First22","last_name":"Last22","gender":"Female","age":"28","family_number":"2","phone":"09283149794","purok":"2","barangay":"Borlongan","municipality":"Dipaculao","province":"Aurora","zipcode":"3203","profile_picture":null,"created_at":"2025-11-23 18:55:21","updated_at":"2025-11-23 18:55:21"},
{"info_id":"12","user_id":"12","first_name":"First23","last_name":"Last23","gender":"Female","age":"35","family_number":"5","phone":"09378508690","purok":"2","barangay":"Borlongan","municipality":"Dipaculao","province":"Aurora","zipcode":"3203","profile_picture":null,"created_at":"2025-11-23 18:55:21","updated_at":"2025-11-23 18:55:21"},
{"info_id":"13","user_id":"13","first_name":"First24","last_name":"Last24","gender":"Male","age":"20","family_number":"2","phone":"09176537977","purok":"2","barangay":"Borlongan","municipality":"Dipaculao","province":"Aurora","zipcode":"3203","profile_picture":null,"created_at":"2025-11-23 18:55:21","updated_at":"2025-11-23 18:55:21"},
{"info_id":"14","user_id":"14","first_name":"First25","last_name":"Last25","gender":"Female","age":"26","family_number":"6","phone":"09129226843","purok":"2","barangay":"Borlongan","municipality":"Dipaculao","province":"Aurora","zipcode":"3203","profile_picture":null,"created_at":"2025-11-23 18:55:21","updated_at":"2025-11-23 18:55:21"},
{"info_id":"15","user_id":"15","first_name":"First31","last_name":"Last31","gender":"Female","age":"22","family_number":"6","phone":"09281440653","purok":"3","barangay":"Borlongan","municipality":"Dipaculao","province":"Aurora","zipcode":"3203","profile_picture":null,"created_at":"2025-11-23 18:55:21","updated_at":"2025-11-23 18:55:21"},
{"info_id":"16","user_id":"16","first_name":"First32","last_name":"Last32","gender":"Female","age":"53","family_number":"2","phone":"09140528683","purok":"3","barangay":"Borlongan","municipality":"Dipaculao","province":"Aurora","zipcode":"3203","profile_picture":null,"created_at":"2025-11-23 18:55:21","updated_at":"2025-11-23 18:55:21"},
{"info_id":"17","user_id":"17","first_name":"First33","last_name":"Last33","gender":"Female","age":"58","family_number":"4","phone":"09791006280","purok":"3","barangay":"Borlongan","municipality":"Dipaculao","province":"Aurora","zipcode":"3203","profile_picture":null,"created_at":"2025-11-23 18:55:22","updated_at":"2025-11-23 18:55:22"},
{"info_id":"18","user_id":"18","first_name":"First34","last_name":"Last34","gender":"Female","age":"34","family_number":"2","phone":"09871471119","purok":"3","barangay":"Borlongan","municipality":"Dipaculao","province":"Aurora","zipcode":"3203","profile_picture":null,"created_at":"2025-11-23 18:55:22","updated_at":"2025-11-23 18:55:22"},
{"info_id":"19","user_id":"19","first_name":"First35","last_name":"Last35","gender":"Male","age":"36","family_number":"4","phone":"09978280561","purok":"3","barangay":"Borlongan","municipality":"Dipaculao","province":"Aurora","zipcode":"3203","profile_picture":null,"created_at":"2025-11-23 18:55:22","updated_at":"2025-11-23 18:55:22"},
{"info_id":"20","user_id":"20","first_name":"First41","last_name":"Last41","gender":"Male","age":"57","family_number":"4","phone":"09673887627","purok":"4","barangay":"Borlongan","municipality":"Dipaculao","province":"Aurora","zipcode":"3203","profile_picture":null,"created_at":"2025-11-23 18:55:22","updated_at":"2025-11-23 18:55:22"},
{"info_id":"21","user_id":"21","first_name":"First42","last_name":"Last42","gender":"Male","age":"59","family_number":"2","phone":"09734913771","purok":"4","barangay":"Borlongan","municipality":"Dipaculao","province":"Aurora","zipcode":"3203","profile_picture":null,"created_at":"2025-11-23 18:55:22","updated_at":"2025-11-23 18:55:22"},
{"info_id":"22","user_id":"22","first_name":"First43","last_name":"Last43","gender":"Female","age":"53","family_number":"4","phone":"09887171008","purok":"4","barangay":"Borlongan","municipality":"Dipaculao","province":"Aurora","zipcode":"3203","profile_picture":null,"created_at":"2025-11-23 18:55:22","updated_at":"2025-11-23 18:55:22"},
{"info_id":"23","user_id":"23","first_name":"First44","last_name":"Last44","gender":"Female","age":"57","family_number":"3","phone":"09976622882","purok":"4","barangay":"Borlongan","municipality":"Dipaculao","province":"Aurora","zipcode":"3203","profile_picture":null,"created_at":"2025-11-23 18:55:22","updated_at":"2025-11-23 18:55:22"},
{"info_id":"24","user_id":"24","first_name":"First45","last_name":"Last45","gender":"Female","age":"50","family_number":"3","phone":"09741591524","purok":"4","barangay":"Borlongan","municipality":"Dipaculao","province":"Aurora","zipcode":"3203","profile_picture":null,"created_at":"2025-11-23 18:55:23","updated_at":"2025-11-23 18:55:23"},
{"info_id":"25","user_id":"25","first_name":"First51","last_name":"Last51","gender":"Male","age":"21","family_number":"3","phone":"09519470294","purok":"5","barangay":"Borlongan","municipality":"Dipaculao","province":"Aurora","zipcode":"3203","profile_picture":null,"created_at":"2025-11-23 18:55:23","updated_at":"2025-11-23 18:55:23"},
{"info_id":"26","user_id":"26","first_name":"First52","last_name":"Last52","gender":"Male","age":"27","family_number":"4","phone":"09404521191","purok":"5","barangay":"Borlongan","municipality":"Dipaculao","province":"Aurora","zipcode":"3203","profile_picture":null,"created_at":"2025-11-23 18:55:23","updated_at":"2025-11-23 18:55:23"},
{"info_id":"27","user_id":"27","first_name":"First53","last_name":"Last53","gender":"Male","age":"60","family_number":"6","phone":"09651076228","purok":"5","barangay":"Borlongan","municipality":"Dipaculao","province":"Aurora","zipcode":"3203","profile_picture":null,"created_at":"2025-11-23 18:55:23","updated_at":"2025-11-23 18:55:23"},
{"info_id":"28","user_id":"28","first_name":"First54","last_name":"Last54","gender":"Male","age":"18","family_number":"2","phone":"09789697795","purok":"5","barangay":"Borlongan","municipality":"Dipaculao","province":"Aurora","zipcode":"3203","profile_picture":null,"created_at":"2025-11-23 18:55:23","updated_at":"2025-11-23 18:55:23"},
{"info_id":"29","user_id":"29","first_name":"First55","last_name":"Last55","gender":"Female","age":"28","family_number":"5","phone":"09641841083","purok":"5","barangay":"Borlongan","municipality":"Dipaculao","province":"Aurora","zipcode":"3203","profile_picture":null,"created_at":"2025-11-23 18:55:23","updated_at":"2025-11-23 18:55:23"},
{"info_id":"30","user_id":"30","first_name":"First61","last_name":"Last61","gender":"Female","age":"23","family_number":"5","phone":"09675534014","purok":"6","barangay":"Borlongan","municipality":"Dipaculao","province":"Aurora","zipcode":"3203","profile_picture":null,"created_at":"2025-11-23 18:55:23","updated_at":"2025-11-23 18:55:23"},
{"info_id":"31","user_id":"31","first_name":"First62","last_name":"Last62","gender":"Male","age":"26","family_number":"2","phone":"09177400928","purok":"6","barangay":"Borlongan","municipality":"Dipaculao","province":"Aurora","zipcode":"3203","profile_picture":null,"created_at":"2025-11-23 18:55:23","updated_at":"2025-11-23 18:55:23"},
{"info_id":"32","user_id":"32","first_name":"First63","last_name":"Last63","gender":"Male","age":"51","family_number":"5","phone":"09167549545","purok":"6","barangay":"Borlongan","municipality":"Dipaculao","province":"Aurora","zipcode":"3203","profile_picture":null,"created_at":"2025-11-23 18:55:24","updated_at":"2025-11-23 18:55:24"},
{"info_id":"33","user_id":"33","first_name":"First64","last_name":"Last64","gender":"Female","age":"23","family_number":"5","phone":"09607604704","purok":"6","barangay":"Borlongan","municipality":"Dipaculao","province":"Aurora","zipcode":"3203","profile_picture":null,"created_at":"2025-11-23 18:55:24","updated_at":"2025-11-23 18:55:24"},
{"info_id":"34","user_id":"34","first_name":"First65","last_name":"Last65","gender":"Male","age":"42","family_number":"4","phone":"09733707326","purok":"6","barangay":"Borlongan","municipality":"Dipaculao","province":"Aurora","zipcode":"3203","profile_picture":null,"created_at":"2025-11-23 18:55:24","updated_at":"2025-11-23 18:55:24"},
{"info_id":"35","user_id":"35","first_name":"First71","last_name":"Last71","gender":"Female","age":"54","family_number":"4","phone":"09548370479","purok":"7","barangay":"Borlongan","municipality":"Dipaculao","province":"Aurora","zipcode":"3203","profile_picture":null,"created_at":"2025-11-23 18:55:24","updated_at":"2025-11-23 18:55:24"},
{"info_id":"36","user_id":"36","first_name":"First72","last_name":"Last72","gender":"Female","age":"58","family_number":"5","phone":"09455300554","purok":"7","barangay":"Borlongan","municipality":"Dipaculao","province":"Aurora","zipcode":"3203","profile_picture":null,"created_at":"2025-11-23 18:55:24","updated_at":"2025-11-23 18:55:24"},
{"info_id":"37","user_id":"37","first_name":"First73","last_name":"Last73","gender":"Female","age":"52","family_number":"6","phone":"09403171451","purok":"7","barangay":"Borlongan","municipality":"Dipaculao","province":"Aurora","zipcode":"3203","profile_picture":null,"created_at":"2025-11-23 18:55:24","updated_at":"2025-11-23 18:55:24"},
{"info_id":"38","user_id":"38","first_name":"First74","last_name":"Last74","gender":"Female","age":"38","family_number":"6","phone":"09728635040","purok":"7","barangay":"Borlongan","municipality":"Dipaculao","province":"Aurora","zipcode":"3203","profile_picture":null,"created_at":"2025-11-23 18:55:24","updated_at":"2025-11-23 18:55:24"},
{"info_id":"39","user_id":"39","first_name":"First75","last_name":"Last75","gender":"Male","age":"25","family_number":"2","phone":"09309884250","purok":"7","barangay":"Borlongan","municipality":"Dipaculao","province":"Aurora","zipcode":"3203","profile_picture":null,"created_at":"2025-11-23 18:55:25","updated_at":"2025-11-23 18:55:25"}]