[{"id":"1","actor_type":"superadmin","actor_id":"1","action":"login","route":"\/superadmin\/login","method":"POST","resource":"check-code","details":"[{\"action\":\"post\",\"route\":\"\\\/Capstone\\\/public\\\/superadmin\\\/check-code\",\"method\":\"POST\",\"resource\":\"check-code\",\"details\":\"{\\\"admin_code\\\":\\\"335709\\\"}\",\"time\":\"2025-11-23 18:56:07\"},{\"action\":\"post\",\"route\":\"\\\/Capstone\\\/public\\\/superadmin\\\/retireUser\",\"method\":\"POST\",\"resource\":\"retireUser\",\"details\":\"{\\\"id\\\":\\\"1\\\",\\\"admin_code\\\":\\\"JCn3e37U6yDA\\\",\\\"first_name\\\":\\\"Carlos\\\",\\\"last_name\\\":\\\"Reyes\\\",\\\"user_id\\\":\\\"1\\\",\\\"user_name\\\":\\\"Carlos Reyes\\\"}\",\"time\":\"2025-11-23 18:56:20\"},{\"action\":\"edit\",\"route\":\"\\\/Capstone\\\/public\\\/superadmin\\\/updateProfile\",\"method\":\"POST\",\"resource\":\"updateProfile\",\"details\":\"{\\\"first_name\\\":\\\"Mike Lorenz\\\",\\\"middle_name\\\":\\\"Verial\\\",\\\"last_name\\\":\\\"Vidal\\\",\\\"email\\\":\\\"mikevidal689@gmail.com\\\",\\\"password\\\":\\\"***\\\",\\\"confirm_password\\\":\\\"***\\\"}\",\"time\":\"2025-11-23 18:58:44\"},{\"action\":\"post\",\"route\":\"\\\/Capstone\\\/public\\\/superadmin\\\/backup\",\"method\":\"POST\",\"resource\":\"backup\",\"details\":null,\"time\":\"2025-11-23 19:01:50\"},{\"action\":\"post\",\"route\":\"\\\/Capstone\\\/public\\\/superadmin\\\/chat\\\/postAdminMessage\",\"method\":\"POST\",\"resource\":\"postAdminMessage\",\"details\":\"{\\\"message\\\":\\\"hey\\\",\\\"recipient_admin_id\\\":\\\"2\\\",\\\"external_id\\\":\\\"1b63c2bd-b442-4b72-91c8-b53fa469bfba\\\",\\\"csrf_test_name\\\":\\\"8dac688c2c6de838726530e2f8664c5d\\\"}\",\"time\":\"2025-11-23 19:03:33\"},{\"action\":\"post\",\"route\":\"\\\/Capstone\\\/public\\\/superadmin\\\/backup\",\"method\":\"POST\",\"resource\":\"backup\",\"details\":null,\"time\":\"2025-11-23 19:04:23\"},{\"action\":\"post\",\"route\":\"\\\/Capstone\\\/public\\\/superadmin\\\/backup\",\"method\":\"POST\",\"resource\":\"backup\",\"details\":null,\"time\":\"2025-11-23 19:04:23\"},{\"action\":\"post\",\"route\":\"\\\/Capstone\\\/public\\\/superadmin\\\/backup\",\"method\":\"POST\",\"resource\":\"backup\",\"details\":\"{\\\"csrf_test_name\\\":\\\"8dac688c2c6de838726530e2f8664c5d\\\"}\",\"time\":\"2025-11-23 19:06:01\"},{\"action\":\"post\",\"route\":\"\\\/Capstone\\\/public\\\/superadmin\\\/backup\",\"method\":\"POST\",\"resource\":\"backup\",\"details\":\"{\\\"csrf_test_name\\\":\\\"8dac688c2c6de838726530e2f8664c5d\\\"}\",\"time\":\"2025-11-23 19:06:07\"},{\"action\":\"post\",\"route\":\"\\\/Capstone\\\/public\\\/superadmin\\\/backup\",\"method\":\"POST\",\"resource\":\"backup\",\"details\":\"{\\\"csrf_test_name\\\":\\\"8dac688c2c6de838726530e2f8664c5d\\\"}\",\"time\":\"2025-11-23 19:09:10\"},{\"action\":\"post\",\"route\":\"\\\/Capstone\\\/public\\\/superadmin\\\/backup\",\"method\":\"POST\",\"resource\":\"backup\",\"details\":\"{\\\"csrf_test_name\\\":\\\"8dac688c2c6de838726530e2f8664c5d\\\"}\",\"time\":\"2025-11-23 19:09:10\"},{\"action\":\"post\",\"route\":\"\\\/Capstone\\\/public\\\/superadmin\\\/backup\",\"method\":\"POST\",\"resource\":\"backup\",\"details\":\"{\\\"csrf_test_name\\\":\\\"8dac688c2c6de838726530e2f8664c5d\\\"}\",\"time\":\"2025-11-23 19:10:23\"},{\"action\":\"post\",\"route\":\"\\\/Capstone\\\/public\\\/superadmin\\\/backup\",\"method\":\"POST\",\"resource\":\"backup\",\"details\":\"{\\\"csrf_test_name\\\":\\\"8dac688c2c6de838726530e2f8664c5d\\\"}\",\"time\":\"2025-11-23 19:10:32\"},{\"action\":\"post\",\"route\":\"\\\/Capstone\\\/public\\\/superadmin\\\/backup\",\"method\":\"POST\",\"resource\":\"backup\",\"details\":\"{\\\"csrf_test_name\\\":\\\"8dac688c2c6de838726530e2f8664c5d\\\"}\",\"time\":\"2025-11-23 19:12:10\"},{\"action\":\"get\",\"route\":\"\\\/Capstone\\\/public\\\/superadmin\\\/downloadBackup\",\"method\":\"GET\",\"resource\":\"superadmin-backup-20251120-033252.zip\",\"details\":\"{\\\"file\\\":\\\"superadmin-backup-20251120-033252.zip\\\"}\",\"time\":\"2025-11-23 19:12:16\"},{\"action\":\"post\",\"route\":\"\\\/Capstone\\\/public\\\/superadmin\\\/backup\",\"method\":\"POST\",\"resource\":\"backup\",\"details\":\"{\\\"csrf_test_name\\\":\\\"8dac688c2c6de838726530e2f8664c5d\\\"}\",\"time\":\"2025-11-23 19:12:25\"},{\"action\":\"post\",\"route\":\"\\\/Capstone\\\/public\\\/superadmin\\\/backup\",\"method\":\"POST\",\"resource\":\"backup\",\"details\":\"{\\\"csrf_test_name\\\":\\\"8dac688c2c6de838726530e2f8664c5d\\\"}\",\"time\":\"2025-11-23 19:12:51\"},{\"action\":\"post\",\"route\":\"\\\/Capstone\\\/public\\\/superadmin\\\/backup\",\"method\":\"POST\",\"resource\":\"backup\",\"details\":\"{\\\"csrf_test_name\\\":\\\"8dac688c2c6de838726530e2f8664c5d\\\"}\",\"time\":\"2025-11-23 19:13:52\"},{\"action\":\"post\",\"route\":\"\\\/Capstone\\\/public\\\/superadmin\\\/backup\",\"method\":\"POST\",\"resource\":\"backup\",\"details\":\"{\\\"csrf_test_name\\\":\\\"8dac688c2c6de838726530e2f8664c5d\\\"}\",\"time\":\"2025-11-23 19:16:07\"}]","ip_address":"::1","user_agent":"Mozilla\/5.0 (Linux; Android 6.0; Nexus 5 Build\/MRA58N) AppleWebKit\/537.36 (KHTML, like Gecko) Chrome\/142.0.0.0 Mobile Safari\/537.36","created_at":"2025-11-23 18:56:07","logged_out_at":null}]