[{"id":"1","user_id":"1","description":null,"bill_no":"BILL-001","amount_due":"60.00","balance":"0.00","status":"Pending","billing_month":"September","due_date":"2025-11-30","paid_date":null,"remarks":"Monthly water usage for September","created_at":"2025-11-23 18:55:20","updated_at":"2025-11-23 18:55:20"},
{"id":"2","user_id":"1","description":null,"bill_no":"BILL-002","amount_due":"60.00","balance":"0.00","status":"Pending","billing_month":"October","due_date":"2025-12-23","paid_date":null,"remarks":"Monthly water usage for October","created_at":"2025-11-23 18:55:20","updated_at":"2025-11-23 18:55:20"},
{"id":"3","user_id":"3","description":null,"bill_no":"BILL-OTC-PAID-6922e81847d7a","amount_due":"500.00","balance":"0.00","status":"Paid","billing_month":"2025-11","due_date":"2025-11-28","paid_date":"2025-11-23 00:00:00","remarks":"Paid over-the-counter","created_at":"2025-11-23 18:55:20","updated_at":"2025-11-23 18:55:20"},
{"id":"4","user_id":"4","description":null,"bill_no":"BILL-OTC-001","amount_due":"500.00","balance":"0.00","status":"Pending","billing_month":"2025-11","due_date":"2025-11-28","paid_date":null,"remarks":"Awaiting over-the-counter payment","created_at":"2025-11-23 18:55:20","updated_at":"2025-11-23 18:55:20"},
{"id":"5","user_id":"5","description":null,"bill_no":"BILL6922E81886819","amount_due":"465.00","balance":"0.00","status":"Paid","billing_month":"2025-11","due_date":"2025-11-28","paid_date":"2025-11-23 00:00:00","remarks":"Payment successful","created_at":"2025-11-23 18:55:20","updated_at":"2025-11-23 18:55:20"},
{"id":"6","user_id":"6","description":null,"bill_no":"BILL6922E818A81B1","amount_due":"414.00","balance":"0.00","status":"Pending","billing_month":"2025-11","due_date":"2025-11-28","paid_date":null,"remarks":"Awaiting payment","created_at":"2025-11-23 18:55:20","updated_at":"2025-11-23 18:55:20"},
{"id":"7","user_id":"7","description":null,"bill_no":"BILL6922E818C8E05","amount_due":"383.00","balance":"0.00","status":"Paid","billing_month":"2025-11","due_date":"2025-11-28","paid_date":"2025-11-23 00:00:00","remarks":"Payment successful","created_at":"2025-11-23 18:55:20","updated_at":"2025-11-23 18:55:20"},
{"id":"8","user_id":"8","description":null,"bill_no":"BILL6922E818E95A5","amount_due":"409.00","balance":"0.00","status":"Paid","billing_month":"2025-11","due_date":"2025-11-28","paid_date":"2025-11-23 00:00:00","remarks":"Payment successful","created_at":"2025-11-23 18:55:20","updated_at":"2025-11-23 18:55:20"},
{"id":"9","user_id":"9","description":null,"bill_no":"BILL6922E819137DD","amount_due":"484.00","balance":"0.00","status":"Paid","billing_month":"2025-11","due_date":"2025-11-28","paid_date":"2025-11-23 00:00:00","remarks":"Payment successful","created_at":"2025-11-23 18:55:21","updated_at":"2025-11-23 18:55:21"},
{"id":"10","user_id":"10","description":null,"bill_no":"BILL6922E81935093","amount_due":"464.00","balance":"0.00","status":"Paid","billing_month":"2025-11","due_date":"2025-11-28","paid_date":"2025-11-23 00:00:00","remarks":"Payment successful","created_at":"2025-11-23 18:55:21","updated_at":"2025-11-23 18:55:21"},
{"id":"11","user_id":"11","description":null,"bill_no":"BILL6922E81956D27","amount_due":"377.00","balance":"0.00","status":"Pending","billing_month":"2025-11","due_date":"2025-11-28","paid_date":null,"remarks":"Awaiting payment","created_at":"2025-11-23 18:55:21","updated_at":"2025-11-23 18:55:21"},
{"id":"12","user_id":"12","description":null,"bill_no":"BILL6922E81974639","amount_due":"464.00","balance":"0.00","status":"Paid","billing_month":"2025-11","due_date":"2025-11-28","paid_date":"2025-11-23 00:00:00","remarks":"Payment successful","created_at":"2025-11-23 18:55:21","updated_at":"2025-11-23 18:55:21"},
{"id":"13","user_id":"13","description":null,"bill_no":"BILL6922E8199303F","amount_due":"404.00","balance":"0.00","status":"Pending","billing_month":"2025-11","due_date":"2025-11-28","paid_date":null,"remarks":"Awaiting payment","created_at":"2025-11-23 18:55:21","updated_at":"2025-11-23 18:55:21"},
{"id":"14","user_id":"14","description":null,"bill_no":"BILL6922E819B2954","amount_due":"389.00","balance":"0.00","status":"Pending","billing_month":"2025-11","due_date":"2025-11-28","paid_date":null,"remarks":"Awaiting payment","created_at":"2025-11-23 18:55:21","updated_at":"2025-11-23 18:55:21"},
{"id":"15","user_id":"15","description":null,"bill_no":"BILL6922E819D346E","amount_due":"441.00","balance":"0.00","status":"Paid","billing_month":"2025-11","due_date":"2025-11-28","paid_date":"2025-11-23 00:00:00","remarks":"Payment successful","created_at":"2025-11-23 18:55:21","updated_at":"2025-11-23 18:55:21"},
{"id":"16","user_id":"16","description":null,"bill_no":"BILL6922E819F2F2C","amount_due":"373.00","balance":"0.00","status":"Pending","billing_month":"2025-11","due_date":"2025-11-28","paid_date":null,"remarks":"Awaiting payment","created_at":"2025-11-23 18:55:21","updated_at":"2025-11-23 18:55:21"},
{"id":"17","user_id":"17","description":null,"bill_no":"BILL6922E81A1F651","amount_due":"354.00","balance":"0.00","status":"Pending","billing_month":"2025-11","due_date":"2025-11-28","paid_date":null,"remarks":"Awaiting payment","created_at":"2025-11-23 18:55:22","updated_at":"2025-11-23 18:55:22"},
{"id":"18","user_id":"18","description":null,"bill_no":"BILL6922E81A40153","amount_due":"423.00","balance":"0.00","status":"Pending","billing_month":"2025-11","due_date":"2025-11-28","paid_date":null,"remarks":"Awaiting payment","created_at":"2025-11-23 18:55:22","updated_at":"2025-11-23 18:55:22"},
{"id":"19","user_id":"19","description":null,"bill_no":"BILL6922E81A5DEB3","amount_due":"366.00","balance":"0.00","status":"Paid","billing_month":"2025-11","due_date":"2025-11-28","paid_date":"2025-11-23 00:00:00","remarks":"Payment successful","created_at":"2025-11-23 18:55:22","updated_at":"2025-11-23 18:55:22"},
{"id":"20","user_id":"20","description":null,"bill_no":"BILL6922E81A7C687","amount_due":"409.00","balance":"0.00","status":"Pending","billing_month":"2025-11","due_date":"2025-11-28","paid_date":null,"remarks":"Awaiting payment","created_at":"2025-11-23 18:55:22","updated_at":"2025-11-23 18:55:22"},
{"id":"21","user_id":"21","description":null,"bill_no":"BILL6922E81A9A647","amount_due":"444.00","balance":"0.00","status":"Paid","billing_month":"2025-11","due_date":"2025-11-28","paid_date":"2025-11-23 00:00:00","remarks":"Payment successful","created_at":"2025-11-23 18:55:22","updated_at":"2025-11-23 18:55:22"},
{"id":"22","user_id":"22","description":null,"bill_no":"BILL6922E81AB8E87","amount_due":"420.00","balance":"0.00","status":"Paid","billing_month":"2025-11","due_date":"2025-11-28","paid_date":"2025-11-23 00:00:00","remarks":"Payment successful","created_at":"2025-11-23 18:55:22","updated_at":"2025-11-23 18:55:22"},
{"id":"23","user_id":"23","description":null,"bill_no":"BILL6922E81AD87DC","amount_due":"461.00","balance":"0.00","status":"Pending","billing_month":"2025-11","due_date":"2025-11-28","paid_date":null,"remarks":"Awaiting payment","created_at":"2025-11-23 18:55:22","updated_at":"2025-11-23 18:55:22"},
{"id":"24","user_id":"24","description":null,"bill_no":"BILL6922E81B04BBE","amount_due":"365.00","balance":"0.00","status":"Pending","billing_month":"2025-11","due_date":"2025-11-28","paid_date":null,"remarks":"Awaiting payment","created_at":"2025-11-23 18:55:23","updated_at":"2025-11-23 18:55:23"},
{"id":"25","user_id":"25","description":null,"bill_no":"BILL6922E81B222A5","amount_due":"395.00","balance":"0.00","status":"Pending","billing_month":"2025-11","due_date":"2025-11-28","paid_date":null,"remarks":"Awaiting payment","created_at":"2025-11-23 18:55:23","updated_at":"2025-11-23 18:55:23"},
{"id":"26","user_id":"26","description":null,"bill_no":"BILL6922E81B4580D","amount_due":"437.00","balance":"0.00","status":"Pending","billing_month":"2025-11","due_date":"2025-11-28","paid_date":null,"remarks":"Awaiting payment","created_at":"2025-11-23 18:55:23","updated_at":"2025-11-23 18:55:23"},
{"id":"27","user_id":"27","description":null,"bill_no":"BILL6922E81B68DEE","amount_due":"461.00","balance":"0.00","status":"Pending","billing_month":"2025-11","due_date":"2025-11-28","paid_date":null,"remarks":"Awaiting payment","created_at":"2025-11-23 18:55:23","updated_at":"2025-11-23 18:55:23"},
{"id":"28","user_id":"28","description":null,"bill_no":"BILL6922E81B87A3D","amount_due":"417.00","balance":"0.00","status":"Paid","billing_month":"2025-11","due_date":"2025-11-28","paid_date":"2025-11-23 00:00:00","remarks":"Payment successful","created_at":"2025-11-23 18:55:23","updated_at":"2025-11-23 18:55:23"},
{"id":"29","user_id":"29","description":null,"bill_no":"BILL6922E81BA9F3B","amount_due":"443.00","balance":"0.00","status":"Pending","billing_month":"2025-11","due_date":"2025-11-28","paid_date":null,"remarks":"Awaiting payment","created_at":"2025-11-23 18:55:23","updated_at":"2025-11-23 18:55:23"},
{"id":"30","user_id":"30","description":null,"bill_no":"BILL6922E81BCC8E7","amount_due":"432.00","balance":"0.00","status":"Pending","billing_month":"2025-11","due_date":"2025-11-28","paid_date":null,"remarks":"Awaiting payment","created_at":"2025-11-23 18:55:23","updated_at":"2025-11-23 18:55:23"},
{"id":"31","user_id":"31","description":null,"bill_no":"BILL6922E81BEE10B","amount_due":"371.00","balance":"0.00","status":"Pending","billing_month":"2025-11","due_date":"2025-11-28","paid_date":null,"remarks":"Awaiting payment","created_at":"2025-11-23 18:55:23","updated_at":"2025-11-23 18:55:23"},
{"id":"32","user_id":"32","description":null,"bill_no":"BILL6922E81C1D6B0","amount_due":"409.00","balance":"0.00","status":"Paid","billing_month":"2025-11","due_date":"2025-11-28","paid_date":"2025-11-23 00:00:00","remarks":"Payment successful","created_at":"2025-11-23 18:55:24","updated_at":"2025-11-23 18:55:24"},
{"id":"33","user_id":"33","description":null,"bill_no":"BILL6922E81C3CBD4","amount_due":"417.00","balance":"0.00","status":"Paid","billing_month":"2025-11","due_date":"2025-11-28","paid_date":"2025-11-23 00:00:00","remarks":"Payment successful","created_at":"2025-11-23 18:55:24","updated_at":"2025-11-23 18:55:24"},
{"id":"34","user_id":"34","description":null,"bill_no":"BILL6922E81C5DDDD","amount_due":"489.00","balance":"0.00","status":"Pending","billing_month":"2025-11","due_date":"2025-11-28","paid_date":null,"remarks":"Awaiting payment","created_at":"2025-11-23 18:55:24","updated_at":"2025-11-23 18:55:24"},
{"id":"35","user_id":"35","description":null,"bill_no":"BILL6922E81C7BF46","amount_due":"383.00","balance":"0.00","status":"Pending","billing_month":"2025-11","due_date":"2025-11-28","paid_date":null,"remarks":"Awaiting payment","created_at":"2025-11-23 18:55:24","updated_at":"2025-11-23 18:55:24"},
{"id":"36","user_id":"36","description":null,"bill_no":"BILL6922E81C9E5E6","amount_due":"435.00","balance":"0.00","status":"Paid","billing_month":"2025-11","due_date":"2025-11-28","paid_date":"2025-11-23 00:00:00","remarks":"Payment successful","created_at":"2025-11-23 18:55:24","updated_at":"2025-11-23 18:55:24"},
{"id":"37","user_id":"37","description":null,"bill_no":"BILL6922E81CC1D6C","amount_due":"413.00","balance":"0.00","status":"Pending","billing_month":"2025-11","due_date":"2025-11-28","paid_date":null,"remarks":"Awaiting payment","created_at":"2025-11-23 18:55:24","updated_at":"2025-11-23 18:55:24"},
{"id":"38","user_id":"38","description":null,"bill_no":"BILL6922E81CE72F3","amount_due":"419.00","balance":"0.00","status":"Pending","billing_month":"2025-11","due_date":"2025-11-28","paid_date":null,"remarks":"Awaiting payment","created_at":"2025-11-23 18:55:24","updated_at":"2025-11-23 18:55:24"},
{"id":"39","user_id":"39","description":null,"bill_no":"BILL6922E81D17888","amount_due":"484.00","balance":"0.00","status":"Pending","billing_month":"2025-11","due_date":"2025-11-28","paid_date":null,"remarks":"Awaiting payment","created_at":"2025-11-23 18:55:25","updated_at":"2025-11-23 18:55:25"}]