[{"id":"1","actor_type":"admin","actor_id":"1","action":"session","route":"\/Capstone\/public\/admin\/requestPasswordOtp","method":"POST","resource":null,"details":"[{\"action\":\"start_log\",\"time\":\"2025-11-25 20:26:55\"},{\"action\":\"post\",\"route\":\"\\\/Capstone\\\/public\\\/admin\\\/requestPasswordOtp\",\"method\":\"POST\",\"resource\":\"requestPasswordOtp\",\"details\":\"{\\\"csrf_test_name\\\":\\\"28f9a05f53c926aabdce90f026343c81\\\",\\\"current_password\\\":\\\"123456\\\"}\",\"time\":\"2025-11-25 20:26:55\"},{\"action\":\"post\",\"route\":\"\\\/Capstone\\\/public\\\/admin\\\/requestPasswordOtp\",\"method\":\"POST\",\"resource\":\"requestPasswordOtp\",\"details\":\"{\\\"csrf_test_name\\\":\\\"28f9a05f53c926aabdce90f026343c81\\\",\\\"current_password\\\":\\\"123456\\\"}\",\"time\":\"2025-11-25 20:28:45\"},{\"action\":\"post\",\"route\":\"\\\/Capstone\\\/public\\\/admin\\\/changePassword\",\"method\":\"POST\",\"resource\":\"changePassword\",\"details\":\"{\\\"csrf_test_name\\\":\\\"28f9a05f53c926aabdce90f026343c81\\\",\\\"otp_code\\\":\\\"038463\\\",\\\"new_password\\\":\\\"Miks@1902\\\",\\\"confirm_password\\\":\\\"***\\\"}\",\"time\":\"2025-11-25 20:29:27\"},{\"action\":\"post\",\"route\":\"\\\/Capstone\\\/public\\\/admin\\\/requestPasswordOtp\",\"method\":\"POST\",\"resource\":\"requestPasswordOtp\",\"details\":\"{\\\"csrf_test_name\\\":\\\"28f9a05f53c926aabdce90f026343c81\\\",\\\"current_password\\\":\\\"123456\\\"}\",\"time\":\"2025-11-25 20:29:46\"},{\"action\":\"post\",\"route\":\"\\\/Capstone\\\/public\\\/admin\\\/requestPasswordOtp\",\"method\":\"POST\",\"resource\":\"requestPasswordOtp\",\"details\":\"{\\\"csrf_test_name\\\":\\\"28f9a05f53c926aabdce90f026343c81\\\",\\\"current_password\\\":\\\"123456\\\"}\",\"time\":\"2025-11-25 20:31:46\"},{\"action\":\"post\",\"route\":\"\\\/Capstone\\\/public\\\/admin\\\/requestPasswordOtp\",\"method\":\"POST\",\"resource\":\"requestPasswordOtp\",\"details\":\"{\\\"csrf_test_name\\\":\\\"28f9a05f53c926aabdce90f026343c81\\\",\\\"current_password\\\":\\\"Miks@1902\\\"}\",\"time\":\"2025-11-25 20:32:08\"},{\"action\":\"post\",\"route\":\"\\\/Capstone\\\/public\\\/admin\\\/requestPasswordOtp\",\"method\":\"POST\",\"resource\":\"requestPasswordOtp\",\"details\":\"{\\\"csrf_test_name\\\":\\\"28f9a05f53c926aabdce90f026343c81\\\",\\\"current_password\\\":\\\"Miks@1902\\\"}\",\"time\":\"2025-11-25 20:34:32\"},{\"action\":\"post\",\"route\":\"\\\/Capstone\\\/public\\\/admin\\\/changePassword\",\"method\":\"POST\",\"resource\":\"changePassword\",\"details\":\"{\\\"csrf_test_name\\\":\\\"28f9a05f53c926aabdce90f026343c81\\\",\\\"otp_code\\\":\\\"039869\\\",\\\"new_password\\\":\\\"Miks_2025\\\",\\\"confirm_password\\\":\\\"***\\\"}\",\"time\":\"2025-11-25 20:35:10\"},{\"action\":\"post\",\"route\":\"\\\/Capstone\\\/public\\\/admin\\\/requestPasswordOtp\",\"method\":\"POST\",\"resource\":\"requestPasswordOtp\",\"details\":\"{\\\"csrf_test_name\\\":\\\"28f9a05f53c926aabdce90f026343c81\\\",\\\"current_password\\\":\\\"Miks_2025\\\"}\",\"time\":\"2025-11-25 20:37:32\"},{\"action\":\"post\",\"route\":\"\\\/Capstone\\\/public\\\/admin\\\/changePassword\",\"method\":\"POST\",\"resource\":\"changePassword\",\"details\":\"{\\\"csrf_test_name\\\":\\\"28f9a05f53c926aabdce90f026343c81\\\",\\\"otp_code\\\":\\\"334679\\\",\\\"new_password\\\":\\\"Miks@0119\\\",\\\"confirm_password\\\":\\\"***\\\"}\",\"time\":\"2025-11-25 20:38:03\"},{\"action\":\"post\",\"route\":\"\\\/Capstone\\\/public\\\/admin\\\/requestPasswordOtp\",\"method\":\"POST\",\"resource\":\"requestPasswordOtp\",\"details\":\"{\\\"csrf_test_name\\\":\\\"28f9a05f53c926aabdce90f026343c81\\\",\\\"current_password\\\":\\\"Miks@0119\\\"}\",\"time\":\"2025-11-25 20:39:57\"},{\"action\":\"post\",\"route\":\"\\\/Capstone\\\/public\\\/admin\\\/changePassword\",\"method\":\"POST\",\"resource\":\"changePassword\",\"details\":\"{\\\"csrf_test_name\\\":\\\"28f9a05f53c926aabdce90f026343c81\\\",\\\"otp_code\\\":\\\"838540\\\",\\\"new_password\\\":\\\"Miks_2025\\\",\\\"confirm_password\\\":\\\"***\\\"}\",\"time\":\"2025-11-25 20:40:23\"},{\"action\":\"post\",\"route\":\"\\\/Capstone\\\/public\\\/admin\\\/requestPasswordOtp\",\"method\":\"POST\",\"resource\":\"requestPasswordOtp\",\"details\":\"{\\\"csrf_test_name\\\":\\\"28f9a05f53c926aabdce90f026343c81\\\",\\\"current_password\\\":\\\"Miks_2025\\\"}\",\"time\":\"2025-11-25 20:45:21\"},{\"action\":\"post\",\"route\":\"\\\/Capstone\\\/public\\\/admin\\\/changePassword\",\"method\":\"POST\",\"resource\":\"changePassword\",\"details\":\"{\\\"csrf_test_name\\\":\\\"28f9a05f53c926aabdce90f026343c81\\\",\\\"otp_code\\\":\\\"769141\\\",\\\"new_password\\\":\\\"Miks@0119\\\",\\\"confirm_password\\\":\\\"***\\\"}\",\"time\":\"2025-11-25 20:46:14\"},{\"action\":\"edit\",\"route\":\"\\\/Capstone\\\/public\\\/admin\\\/updateProfile\",\"method\":\"POST\",\"resource\":\"updateProfile\",\"details\":\"{\\\"csrf_test_name\\\":\\\"28f9a05f53c926aabdce90f026343c81\\\",\\\"first_name\\\":\\\"Mike Lorenz\\\",\\\"middle_name\\\":\\\"Verial\\\",\\\"last_name\\\":\\\"Vidal\\\",\\\"position\\\":\\\"President\\\",\\\"email\\\":\\\"mikevidal689@gmail.com\\\"}\",\"time\":\"2025-11-25 20:48:13\"},{\"action\":\"post\",\"route\":\"\\\/Capstone\\\/public\\\/admin\\\/requestPasswordOtp\",\"method\":\"POST\",\"resource\":\"requestPasswordOtp\",\"details\":\"{\\\"csrf_test_name\\\":\\\"28f9a05f53c926aabdce90f026343c81\\\",\\\"current_password\\\":\\\"Miks@0119\\\"}\",\"time\":\"2025-11-25 20:50:07\"},{\"action\":\"post\",\"route\":\"\\\/Capstone\\\/public\\\/admin\\\/changePassword\",\"method\":\"POST\",\"resource\":\"changePassword\",\"details\":\"{\\\"csrf_test_name\\\":\\\"28f9a05f53c926aabdce90f026343c81\\\",\\\"otp_code\\\":\\\"836066\\\",\\\"new_password\\\":\\\"Miks_2025\\\",\\\"confirm_password\\\":\\\"***\\\"}\",\"time\":\"2025-11-25 20:50:53\"},{\"action\":\"post\",\"route\":\"\\\/Capstone\\\/public\\\/admin\\\/requestPasswordOtp\",\"method\":\"POST\",\"resource\":\"requestPasswordOtp\",\"details\":\"{\\\"csrf_test_name\\\":\\\"28f9a05f53c926aabdce90f026343c81\\\",\\\"current_password\\\":\\\"Miks_2025\\\"}\",\"time\":\"2025-11-25 20:53:51\"},{\"action\":\"post\",\"route\":\"\\\/Capstone\\\/public\\\/admin\\\/changePassword\",\"method\":\"POST\",\"resource\":\"changePassword\",\"details\":\"{\\\"csrf_test_name\\\":\\\"28f9a05f53c926aabdce90f026343c81\\\",\\\"otp_code\\\":\\\"035151\\\",\\\"new_password\\\":\\\"Miks@0119\\\",\\\"confirm_password\\\":\\\"***\\\"}\",\"time\":\"2025-11-25 20:54:18\"},{\"action\":\"create\",\"route\":\"\\\/Capstone\\\/public\\\/admin\\\/addUser\",\"method\":\"POST\",\"resource\":\"addUser\",\"details\":\"{\\\"csrf_test_name\\\":\\\"28f9a05f53c926aabdce90f026343c81\\\",\\\"first_name\\\":\\\"Mike Lorenz\\\",\\\"last_name\\\":\\\"Vidal\\\",\\\"email\\\":\\\"mikevidal689@gmail.com\\\",\\\"password\\\":\\\"***\\\",\\\"phone\\\":\\\"09600947741\\\",\\\"gender\\\":\\\"Male\\\",\\\"age\\\":\\\"23\\\",\\\"family_number\\\":\\\"6\\\",\\\"purok\\\":\\\"3\\\",\\\"status\\\":\\\"approved\\\",\\\"line_number\\\":\\\"C0101\\\"}\",\"time\":\"2025-11-25 21:04:53\"},{\"action\":\"create\",\"route\":\"\\\/Capstone\\\/public\\\/admin\\\/addUser\",\"method\":\"POST\",\"resource\":\"addUser\",\"details\":\"{\\\"csrf_test_name\\\":\\\"28f9a05f53c926aabdce90f026343c81\\\",\\\"first_name\\\":\\\"Mike Lorenz\\\",\\\"last_name\\\":\\\"Vidal\\\",\\\"email\\\":\\\"mikevidal689@gmail.com\\\",\\\"password\\\":\\\"***\\\",\\\"phone\\\":\\\"09600947741\\\",\\\"gender\\\":\\\"Male\\\",\\\"age\\\":\\\"23\\\",\\\"family_number\\\":\\\"6\\\",\\\"purok\\\":\\\"3\\\",\\\"status\\\":\\\"approved\\\",\\\"line_number\\\":\\\"C0101\\\"}\",\"time\":\"2025-11-25 21:15:17\"},{\"action\":\"deactivate\",\"route\":\"\\\/admin\\\/deactivateUser\\\/2\",\"method\":\"POST\",\"resource\":\"2\",\"details\":\"{\\\"id\\\":\\\"2\\\",\\\"user_name\\\":\\\"Mike Lorenz Vidal\\\",\\\"first_name\\\":\\\"Mike Lorenz\\\",\\\"last_name\\\":\\\"Vidal\\\",\\\"email\\\":\\\"mikevidal689@gmail.com\\\",\\\"reason\\\":\\\"\\\",\\\"inactive_ref_id\\\":1}\",\"time\":\"2025-11-25 21:25:02\"},{\"action\":\"post\",\"route\":\"\\\/Capstone\\\/public\\\/admin\\\/approve\\\/2\",\"method\":\"POST\",\"resource\":\"2\",\"details\":\"{\\\"csrf_test_name\\\":\\\"28f9a05f53c926aabdce90f026343c81\\\",\\\"first_name\\\":\\\"Mike Lorenz\\\",\\\"last_name\\\":\\\"Vidal\\\",\\\"user_id\\\":2,\\\"user_name\\\":\\\"Mike Lorenz Vidal\\\"}\",\"time\":\"2025-11-25 21:29:18\"},{\"action\":\"get\",\"route\":\"\\\/Capstone\\\/public\\\/admin\\\/exportReports\",\"method\":\"GET\",\"resource\":\"exportReports\",\"details\":\"{\\\"start\\\":\\\"2024-12-31\\\",\\\"end\\\":\\\"2025-11-25\\\",\\\"format\\\":\\\"csv\\\"}\",\"time\":\"2025-11-25 22:20:29\"},{\"action\":\"get\",\"route\":\"\\\/Capstone\\\/public\\\/admin\\\/exportReports\",\"method\":\"GET\",\"resource\":\"exportReports\",\"details\":\"{\\\"start\\\":\\\"2024-12-31\\\",\\\"end\\\":\\\"2025-11-25\\\",\\\"format\\\":\\\"pdf\\\"}\",\"time\":\"2025-11-25 22:21:40\"},{\"action\":\"get\",\"route\":\"\\\/Capstone\\\/public\\\/admin\\\/exportReports\",\"method\":\"GET\",\"resource\":\"exportReports\",\"details\":\"{\\\"start\\\":\\\"2024-12-31\\\",\\\"end\\\":\\\"2025-11-25\\\",\\\"format\\\":\\\"pdf\\\"}\",\"time\":\"2025-11-25 22:22:03\"},{\"action\":\"get\",\"route\":\"\\\/Capstone\\\/public\\\/admin\\\/exportReports\",\"method\":\"GET\",\"resource\":\"exportReports\",\"details\":\"{\\\"start\\\":\\\"2024-12-31\\\",\\\"end\\\":\\\"2025-11-25\\\",\\\"format\\\":\\\"pdf\\\"}\",\"time\":\"2025-11-25 22:23:39\"},{\"action\":\"get\",\"route\":\"\\\/Capstone\\\/public\\\/admin\\\/exportReports\",\"method\":\"GET\",\"resource\":\"exportReports\",\"details\":\"{\\\"start\\\":\\\"2024-12-31\\\",\\\"end\\\":\\\"2025-11-25\\\",\\\"format\\\":\\\"pdf\\\"}\",\"time\":\"2025-11-25 22:31:02\"},{\"action\":\"logout\",\"time\":\"2025-11-25 22:37:51\"}]","ip_address":"::1","user_agent":"Mozilla\/5.0 (Windows NT 10.0; Win64; x64) AppleWebKit\/537.36 (KHTML, like Gecko) Chrome\/142.0.0.0 Safari\/537.36","created_at":"2025-11-25 20:26:55","logged_out_at":"2025-11-25 22:37:51"},
{"id":"2","actor_type":"admin","actor_id":"1","action":"login","route":"\/admin\/login","method":"POST","resource":"login","details":"[{\"action\":\"logout\",\"time\":\"2025-11-25 22:44:12\"}]","ip_address":"::1","user_agent":"Mozilla\/5.0 (Linux; Android 6.0; Nexus 5 Build\/MRA58N) AppleWebKit\/537.36 (KHTML, like Gecko) Chrome\/142.0.0.0 Mobile Safari\/537.36","created_at":"2025-11-25 22:42:15","logged_out_at":"2025-11-25 22:44:12"},
{"id":"3","actor_type":"superadmin","actor_id":"1","action":"login","route":"\/superadmin\/login","method":"POST","resource":"check-code","details":"[{\"action\":\"post\",\"route\":\"\\\/Capstone\\\/public\\\/superadmin\\\/check-code\",\"method\":\"POST\",\"resource\":\"check-code\",\"details\":\"{\\\"admin_code\\\":\\\"975125\\\"}\",\"time\":\"2025-11-25 22:54:48\"}]","ip_address":"::1","user_agent":"Mozilla\/5.0 (Linux; Android 6.0; Nexus 5 Build\/MRA58N) AppleWebKit\/537.36 (KHTML, like Gecko) Chrome\/142.0.0.0 Mobile Safari\/537.36","created_at":"2025-11-25 22:54:48","logged_out_at":null}]