[{"id":"798","version":"2025-08-21-084947","class":"App\\Database\\Migrations\\CreateUsersTable","group":"default","namespace":"App","time":"1764072893","batch":"1"},
{"id":"799","version":"2025-09-06-080639","class":"App\\Database\\Migrations\\CreateBillingTable","group":"default","namespace":"App","time":"1764072893","batch":"1"},
{"id":"800","version":"2025-09-06-080934","class":"App\\Database\\Migrations\\CreateAdminTable","group":"default","namespace":"App","time":"1764072893","batch":"1"},
{"id":"801","version":"2025-09-13-070656","class":"App\\Database\\Migrations\\CreateServiceReportsTable","group":"default","namespace":"App","time":"1764072893","batch":"1"},
{"id":"802","version":"2025-09-21-095332","class":"App\\Database\\Migrations\\CreateUserInformation","group":"default","namespace":"App","time":"1764072894","batch":"1"},
{"id":"803","version":"2025-09-22-123400","class":"App\\Database\\Migrations\\CreatePasswordResetTable","group":"default","namespace":"App","time":"1764072894","batch":"1"},
{"id":"804","version":"2025-10-02-110152","class":"App\\Database\\Migrations\\CreateSuperAdminTable","group":"default","namespace":"App","time":"1764072894","batch":"1"},
{"id":"805","version":"2025-10-04-161829","class":"App\\Database\\Migrations\\AddDescriptionToBillings","group":"default","namespace":"App","time":"1764072894","batch":"1"},
{"id":"806","version":"2025-10-08-095645","class":"App\\Database\\Migrations\\CreatePaymentsTable","group":"default","namespace":"App","time":"1764072894","batch":"1"},
{"id":"807","version":"2025-11-11-074803","class":"App\\Database\\Migrations\\CreateGcashSettingsTable","group":"default","namespace":"App","time":"1764072894","batch":"1"},
{"id":"808","version":"2025-11-16-000001","class":"App\\Database\\Migrations\\CreateAdminArchivedTable","group":"default","namespace":"App","time":"1764072894","batch":"1"},
{"id":"809","version":"2025-11-16-000010","class":"App\\Database\\Migrations\\CreateAdminActivityLogs","group":"default","namespace":"App","time":"1764072894","batch":"1"},
{"id":"810","version":"2025-11-16-120000","class":"App\\Database\\Migrations\\AddInactiveUsersAndArchivedBillings","group":"default","namespace":"App","time":"1764072894","batch":"1"},
{"id":"811","version":"2025-11-18-020000","class":"App\\Database\\Migrations\\AddUniqueIndexToInactiveUsers","group":"default","namespace":"App","time":"1764072894","batch":"1"},
{"id":"812","version":"2025-11-18-120000","class":"App\\Database\\Migrations\\AddNamesToSuperAdmin","group":"default","namespace":"App","time":"1764072894","batch":"1"},
{"id":"813","version":"2025-11-18-220001","class":"App\\Database\\Migrations\\AddSuperadminOtpAndFlags","group":"default","namespace":"App","time":"1764072894","batch":"1"},
{"id":"814","version":"2025-11-18-220002","class":"App\\Database\\Migrations\\AddSuperadminSecurityFields","group":"default","namespace":"App","time":"1764072894","batch":"1"},
{"id":"815","version":"2025-11-18-220004","class":"App\\Database\\Migrations\\AddAdminCodeUsedAt","group":"default","namespace":"App","time":"1764072894","batch":"1"},
{"id":"816","version":"2025-11-19-000001","class":"App\\Database\\Migrations\\CreateChatMessages","group":"default","namespace":"App","time":"1764072894","batch":"1"},
{"id":"817","version":"2025-11-19-000002","class":"App\\Database\\Migrations\\AddUserNameToChatMessages","group":"default","namespace":"App","time":"1764072894","batch":"1"},
{"id":"818","version":"2025-11-20-000001","class":"App\\Database\\Migrations\\AddMustChangePassword","group":"default","namespace":"App","time":"1764072894","batch":"1"},
{"id":"819","version":"2025-11-20-120000","class":"App\\Database\\Migrations\\AddActorToPasswordResets","group":"default","namespace":"App","time":"1764072894","batch":"1"},
{"id":"820","version":"2025-11-21-113500","class":"App\\Database\\Migrations\\AddIsInternalToChatMessages","group":"default","namespace":"App","time":"1764072894","batch":"1"},
{"id":"821","version":"2025-11-21-230000","class":"App\\Database\\Migrations\\AddAdminRecipientToChatMessages","group":"default","namespace":"App","time":"1764072894","batch":"1"},
{"id":"822","version":"2025-11-23-000001","class":"App\\Database\\Migrations\\CreateAdminChats","group":"default","namespace":"App","time":"1764072894","batch":"1"},
{"id":"823","version":"2025-11-25-120000","class":"App\\Database\\Migrations\\BackfillBillingStatusFromPayments","group":"default","namespace":"App","time":"1764072894","batch":"1"}]